day,start_ts,end_ts,duration_ts,ticks,mean_abs_spread,fwd_VELVETFRUIT_EXTRACT_1000_bps,fwd_HYDROGEL_PACK_1000_bps,fwd_abs_spread_change_1000,fwd_VELVETFRUIT_EXTRACT_5000_bps,fwd_HYDROGEL_PACK_5000_bps,fwd_abs_spread_change_5000,fwd_VELVETFRUIT_EXTRACT_10000_bps,fwd_HYDROGEL_PACK_10000_bps,fwd_abs_spread_change_10000,fwd_VELVETFRUIT_EXTRACT_50000_bps,fwd_HYDROGEL_PACK_50000_bps,fwd_abs_spread_change_50000
2,365000,381000,16000,17,0.048789905742839826,-0.9522902580705317,-8.022462896108973,0.07041992773304173,-9.522902580706427,8.022462896108973,0.04115833285807469,-18.093514903342324,11.03088648215067,0.15655488976365461,-27.61641748404875,-5.0140393100683855,0.0916523859824423
0,280000,292000,12000,13,0.04763736263736007,3.815701612133182,6.004202942060388,0.021904761904764314,17.17065725460376,5.00350245171699,-0.06238095238094843,31.479538300105414,19.013309316522342,-0.0595238095238102,27.66383668797001,26.018212748923908,-0.016190476190473646
2,159000,171000,12000,13,0.04695597866697527,4.74338298074084,0.0,0.0474608448030267,13.281472346076129,15.988807834514951,-0.026933827938776744,-3.794706384593338,1.9986009793138138,-0.05794670001583313,-14.230148942225851,-49.965024482862,0.3570680699261146
0,753000,764000,11000,12,0.04079365079364905,0.9511128019790149,-5.995802937943662,0.0695238095237869,2.8533384059348244,6.995103427600569,-0.04142857142858247,10.462240821762503,-4.996502448285645,0.154761904761898,-12.364466425718312,-26.981113220745367,0.1461904761904691
0,582000,592000,10000,11,0.0566666666666668,0.0,-3.003604325190201,0.029999999999986926,1.905669366364382,1.0012014417304371,0.009047619047606759,-13.339685564554005,4.004805766919528,0.028571428571424917,-30.490709861838994,6.007208650380402,0.21999999999999886
1,360000,370000,10000,11,0.051104229583297016,-1.9034929094885467,-8.026487408447913,0.06127164022164777,-2.855239364233375,-11.036420186615326,0.08186528318846342,-4.758732273721922,-17.05628574295126,0.1230525691220663,-48.53906919196738,-20.066218521119783,0.14197474962048773
1,350000,358000,8000,9,0.039990968103533454,3.812065186314939,-5.022097227802558,0.08834243958084187,9.530162965787348,17.075130574528696,-0.021977912571230718,6.671114076051143,15.066291683407673,-0.013463601463598707,-14.295244448679911,-19.083969465648607,0.04780803875800643
2,180000,188000,8000,9,0.04169636887268919,1.9018638265499987,-17.001700170017344,0.0678314129730353,10.460251046024993,-17.001700170017344,0.15326093361849757,13.313046785849991,-15.00150015001478,0.16175941632688762,19.018638265499987,-78.00780078007774,0.8480201915529335
0,53000,60000,7000,8,0.045178571428571956,-5.720278386881494,4.001600640255454,0.09714285714285609,-20.974354085232516,-10.004001600639745,0.10952380952380736,-7.627037849174956,-22.008803521408325,0.014285714285719564,-42.902087901611765,-56.022408963585235,0.001904761904754082
0,110000,117000,7000,8,0.038392857142858006,1.9158923268514094,15.089025248968824,0.11285714285715187,17.243030941660464,23.13650538175338,0.040476190476184115,37.35990037359915,24.14244039834923,0.13142857142855746,55.560877478686436,22.13057036515531,0.33238095238094445
0,195000,202000,7000,8,0.05255952380952422,0.0,3.0081219292088512,0.030000000000015348,-11.468985950492394,-3.0081219292088512,0.08428571428572695,-15.291981267322452,23.062268123934526,0.38238095238097003,30.583962534644904,-20.054146194725675,0.3400000000000034
0,299000,306000,7000,8,0.041547619047618056,0.0,5.99221012683504,0.05999999999998806,7.615421227986641,6.9909118146416205,-0.006190476190482741,15.230842455973281,7.98961350244598,-0.07238095238096776,43.78867206092263,-10.98571856586461,0.38333333333333997
1,26000,33000,7000,8,0.059454068383685055,-9.542895314438304,-4.01808136614723,0.05516017607602919,-15.268632503101509,-6.027122049221401,0.09227315257925284,-16.22292203454556,1.00452034153653,0.17210128105249112,-11.45147437732641,16.07232546459114,0.27506949588654095
1,429000,436000,7000,8,0.05465818688252355,3.823726221201529,-3.0220610456332953,0.0682580852928254,9.559315553007153,-12.591921023471508,0.22085609895211178,32.50167288022077,-5.036768409388825,0.37432909353699984,22.942357327215834,39.286793593229504,0.09314813350485451
0,328000,334000,6000,7,0.0454081632653092,-1.8991548760805,2.989238740533917,0.04904761904762722,-14.243661570600974,-0.9964129135109356,0.1328571428571621,-24.68901338904206,-11.956954962136779,0.1276190476190493,13.294084132560169,0.9964129135120459,-0.006190476190482741
0,491000,497000,6000,7,0.04540816326530311,1.9067594622934614,-10.020040080159776,0.11904761904760619,-7.627037849174956,-5.010020040080443,-0.026190476190478762,-13.34731623605645,-18.036072144288482,0.046666666666652645,-6.673658118028225,-13.026052104208041,0.06333333333333258
0,690000,696000,6000,7,0.03850340136054748,0.0,4.997501249375258,0.04999999999999716,9.526531389920656,24.98750624687629,0.15476190476188378,9.526531389920656,32.98350824587626,0.2347619047618963,43.822044393635466,32.98350824587626,-0.04904761904761301
0,779000,785000,6000,7,0.03649659863945536,7.624130372629878,-8.501275191278301,0.05785714285713084,-9.530162965786237,9.50142521378261,0.19023809523807245,-15.248260745258646,2.5003750562579974,0.1773809523809433,11.436195558944817,-11.501725258789008,0.12595238095236994
0,938000,944000,6000,7,0.059897959183676415,-7.618322064565364,5.9967018140016926,0.1361904761904782,-17.14122464527179,0.4997251511662526,0.17642857142855917,-30.473288258261455,16.49092998850632,0.4697619047618957,-13.332063612989664,-20.48873119784078,-0.019285714285729227
2,453000,459000,6000,7,0.06203712224099637,-4.770082045411073,10.545344983428073,0.07970207617371727,-2.8620492272468656,31.133875665361188,0.2654924860299559,-8.586147681740597,21.090689966858367,0.22255537892657173,-11.448196908986352,38.16410565431249,0.4208450912823736
2,880000,886000,6000,7,0.04315356166051539,5.7007125890740085,-4.002801961372482,0.09690906211046979,2.8503562945370042,-5.00350245171588,0.07842156731534544,20.902612826603217,0.0,0.20882771713337434,24.70308788598663,30.0210147102975,-0.05287396962533819
0,381000,386000,5000,6,0.058769841269831126,4.746535029429566,-5.983246908656259,0.10761904761903907,-3.7972280235432088,-23.932987634622815,0.20190476190475692,-6.64514904120006,-4.986039090546512,-0.01666666666666572,-35.124359217770795,-54.846429996011636,0.19761904761902827
0,394000,399000,5000,6,0.04801587301587773,-7.5995060321076835,-16.964374812893368,0.09380952380951157,-2.8498147620403813,-20.95599241592638,0.18142857142855462,15.199012064215367,-30.93503642351059,0.4623809523809399,-27.54820936639146,-67.85749925157126,0.40380952380951385
0,460000,465000,5000,6,0.042063492063495765,-10.509219451609875,14.545089778312814,0.24976190476189686,-5.732301519060234,21.06530243755733,0.2671428571428578,3.8215343460401563,-13.541980138429555,0.16452380952379997,-13.375370211139437,-26.080850636974738,0.11809523809523625
0,742000,747000,5000,6,0.040079365079359754,4.741583688951945,1.4950662812718285,0.032619047619078856,22.75960170696978,-1.993421708362808,0.2485714285714522,-12.328117591275944,4.983554270905355,-0.023333333333312112,-62.58890469416745,-32.89145818797912,0.10142857142859896
0,799000,804000,5000,6,0.06761904761904702,4.760997905159936,-3.002101471030194,0.07761904761902372,-18.091792039611754,-11.007705393775158,-0.07095238095239154,-0.9521995810324313,-13.009106374461954,0.12047619047618241,8.569796229289661,27.018913239267306,0.00619047619046853
1,0,5000,5000,6,0.05047861328989711,2.8560548362532856,-15.057217426219793,0.17923132255566543,-12.376237623762387,-21.08010439670793,0.08695816997644101,-35.22467631378534,-3.5133507327844704,0.13098579333485816,-12.376237623762387,-14.555310178678837,0.021684018540398142
1,67000,72000,5000,6,0.05027183442782738,-9.537434430137992,6.0234916173085296,0.15558194751608312,-11.444921316166035,29.113542816985305,0.40561779875859827,-9.537434430137992,9.035237425960574,0.1857084789480723,40.05722460658001,-9.537195060737025,0.3402000508905729
1,250000,255000,5000,6,0.016991606246070507,4.750142504275079,-10.01201441730104,0.14808621376606368,-19.000570017100316,-9.010812975570603,0.01644083415358466,-18.050541516245744,13.015618742491242,0.22783584285650704,0.9500285008545717,-29.034841810172686,0.3007560256413626
1,408000,413000,5000,6,0.06053275680323367,-3.8186157517894337,3.0147723846840613,0.06825808529283961,-7.637231503579978,9.044317154054404,0.16664270201769682,-20.047732696897302,2.009848256456781,0.22027501205731426,28.639618138424083,-29.142799718621106,0.4318136171922191
1,920000,925000,5000,6,0.057841600116103585,3.791469194311947,-6.993006993006867,0.10842679386884413,-2.8436018957345155,-6.993006993006867,0.04169657461241627,-16.11374407582966,2.9970029970027845,0.09262544249243376,-31.27962085308078,-14.985014985015033,0.06439246934360199
2,4000,9000,5000,6,0.07167072714239946,-9.492168960607561,2.994011976047428,0.12488872586619948,-1.8984337921212902,-2.994011976047428,-0.01098269833889276,3.7968675842425803,-8.982035928143395,-0.05193243293791738,-46.51162790697661,-67.86427145708541,0.034334325265476195
2,30000,35000,5000,6,0.04527309154678013,-1.8987942656412127,-9.000000000000119,0.07091677085912806,-9.493971328206063,-7.000000000000339,-0.02499860499914064,-15.190354125130812,-19.000000000000128,0.037916526277655294,5.696382796924748,-50.00000000000004,0.5564036180988552
2,535000,540000,5000,6,0.06522891264791279,-1.907850806066591,1.002908434459826,0.028973350007930776,-5.7235524182008835,-2.005816868919652,0.036974989590234486,-13.354955642468358,-5.01454217229913,0.08294530501498798,-53.41982256987454,37.107612075018004,0.9011549090020878
0,47000,51000,4000,5,0.06504761904761266,-5.72464459498101,0.0,0.057142857142864045,2.86232229748995,-7.0077084793274125,-0.043333333333322344,1.90821486499404,11.01211332465768,0.09095238095238756,-9.54107432496909,-33.03633997397082,0.09285714285714164
0,69000,73000,4000,5,0.05619047619048558,-1.9067594622934614,10.01201441729993,0.08857142857142719,0.0,-8.009611533840166,0.0799999999999983,7.627037849176066,-32.03844613536289,0.3961904761904549,-22.881113547525977,-17.02042450941077,0.028095238095218633
0,240000,244000,4000,5,0.036952380952382666,9.54107432496798,1.0025062656637829,0.08523809523808268,7.63285945997616,-17.04260651629097,0.24619047619047763,11.44928918996202,-12.030075187969835,0.23428571428570422,4.77053716248399,23.057644110275888,0.04428571428570649
0,597000,601000,4000,5,0.05847619047618764,-9.531979792203327,5.006508460998482,0.05666666666667197,-20.97035554284643,17.022128767396616,0.2909523809523762,-15.251167667524879,25.533193151097144,0.3188095238095343,-28.595939376608868,27.0351456893958,0.46714285714286063
0,679000,683000,4000,5,0.0596666666666664,-2.864782276547073,5.012028869286755,0.07857142857142208,18.1436210847985,28.06736166800272,0.09904761904761017,22.918258212376585,19.045709703287006,-0.014761904761911637,67.79984721161148,60.6455493183633,0.017857142857153008
0,731000,735000,4000,5,0.04852380952381452,7.595177062564851,-1.4956625785222943,0.09119047619046228,5.696382796924748,18.94505932794832,0.08428571428568432,5.696382796924748,5.982650314089177,-0.0028571428571524393,-37.97588531282648,-30.41180576328628,0.02738095238095184
1,57000,61000,4000,5,0.052496175069708786,-3.812065186314939,-7.033055360192719,0.03216368614721432,-7.624130372629878,-11.051944137445702,0.03420084086241104,-9.530162965786237,7.033055360192719,0.00800502242881862,34.308586676832235,2.009444388626491,0.3230996304593674
1,331000,335000,4000,5,0.05689175758395493,1.9053062779850194,-10.044194455605115,0.11948754837048625,2.8579594169753086,-15.066291683406563,0.17923132255570806,-5.715918833952838,-0.5022097227802558,-0.05217624221920403,0.0,-15.066291683406563,0.150632657160088
1,391000,395000,4000,5,0.039688139183613205,4.770082045411073,-5.025630716655183,0.09787532804605803,0.9540164090826586,-8.041009146647626,0.08987030561725362,8.586147681739487,-18.09227057995799,0.26655518477895157,2.8620492272457554,-31.1589104432608,0.33990615685976877
1,481000,485000,4000,5,0.05649868628411525,0.0,7.028818154433125,0.07029524000803633,0.0,2.008233758410416,0.02008435428801647,-11.444921316166035,10.041168792047639,0.21481643302251996,2.8612303290409535,50.205843960235974,0.4735101918046354
2,16000,20000,4000,5,0.0340724396329648,1.8977132555275666,-10.982428115016152,0.10491070169278771,-7.590853022108046,-25.958466453673836,0.15982419338727993,-9.488566277635613,-10.982428115016152,-0.008995325834504797,-22.77255906632525,-19.968051118210983,0.028031813320481547
2,60000,64000,4000,5,0.04335051092588458,-4.760091393755106,11.026463512429086,0.04662360724510961,4.760091393753996,19.045709703287006,0.03161401433268907,6.664127951256926,-6.01443464314344,0.1263792552444869,10.472201066260567,1.0024057738577952,0.09442484647996707
2,144000,148000,4000,5,0.06163376906191047,-1.8987942656412127,3.9936102236426407,0.05894038626803422,13.291559859489599,-3.9936102236426407,0.034987617085860734,17.089148390772024,-8.985623003194831,0.12290135336182573,-2.848191398462374,-31.948881789137793,0.15331308318324943
2,523000,527000,4000,5,0.048250294396146386,1.9067594622934614,6.013831813169723,0.04094973459902462,2.8601391934413023,8.018442417561111,0.05143558981181684,0.9533797311478409,-7.517289766463264,-0.08440975961089237,-36.22842978358243,13.02996892853514,0.4905595776302505
2,554000,558000,4000,5,0.046487733924570306,1.908943399828722,6.52315720808927,0.04594424064237046,1.908943399828722,22.580159566460978,0.2057684340296504,-22.907320797938002,14.551658387274014,0.37265273031182744,20.99837739810928,69.74760399417912,0.48540862289262066
0,0,3000,3000,4,0.03773809523809746,-6.6723858545414405,4.002401440863501,0.10666666666666913,-22.876751501287316,20.012007204321947,0.4285714285714306,-13.344771709083991,19.01140684410718,0.3233333333333377,-14.29796968830388,-11.006603962377959,0.032857142857139365
0,75000,78000,3000,4,0.057500000000000995,1.9067594622934614,1.0020040080149784,0.009047619047606759,7.627037849176066,-24.048096192385017,0.3161904761904566,-15.254075698351022,-29.05811623246546,0.1376190476190402,-7.627037849174956,-19.038076152304573,0.1138095238095218
0,122000,125000,3000,4,0.04738095238094786,7.643068692080313,1.0036130068247218,0.0661904761904708,13.375370211139437,-11.039743075069719,0.2433333333333394,13.375370211139437,-10.036130068246107,0.2333333333333485,19.10767173020078,6.021678040948331,0.13047619047618753
0,144000,147000,3000,4,0.04464285714285765,-5.737783303050303,20.074274816821447,0.2571428571428669,9.562972171750506,20.57613168724215,0.1097619047619105,28.688916515253737,12.044564890092424,0.08666666666667311,-3.8251888687002022,-4.014854963364511,-0.0019047619047398712
0,153000,156000,3000,4,0.047857142857143486,5.72464459498212,-5.010020040080443,0.10714285714284699,17.17393378494414,-7.01402805611262,0.2414285714285711,18.12804121744005,-8.016032064128709,0.26095238095237505,-28.62322297490727,-3.0060120240482657,0.2176190476190527
0,233000,236000,3000,4,0.03988095238095468,-7.643068692080313,-1.0023053021945838,0.0661904761904708,-1.9107671730200781,-5.0115265109751395,-0.030952380952399494,22.929206076238717,3.0069159065848616,0.029999999999986926,7.643068692080313,-5.0115265109751395,-0.04238095238096662
0,315000,318000,3000,4,0.035952380952380736,5.699629524080763,-4.987531172069293,0.10714285714284699,-5.699629524080763,-2.9925187032420197,0.012857142857129134,13.299135556188446,11.970074812968079,0.013333333333321207,24.69839460434997,18.952618453864645,0.0576190476190277
0,501000,504000,3000,4,0.053333333333334565,0.0,-11.028674553840156,0.10999999999999943,-23.85723828609576,-23.05995588530174,-0.008095238095251034,-20.040080160320663,-24.06256266292317,0.03999999999999204,5.7257371886620945,-20.052135552436347,0.2571428571428669
0,542000,545000,3000,4,0.03511904761904816,6.683853719087196,-12.026458208057589,0.11238095238094559,11.458034947007256,-17.03748246141501,0.21000000000000796,7.638689964670764,-32.070555221487275,0.32190476190476147,22.916069894012292,9.019843656044024,0.06428571428570251
0,849000,852000,3000,4,0.039226190476188805,-3.8062612998379652,4.495279956047149,0.08309523809523967,2.8546959748787515,5.49423105739022,0.026428571428581904,-7.6125225996759305,-3.496328854702968,0.04119047619046512,-1.9031306499195377,-27.47115528694888,0.21738095238094957
0,854000,857000,3000,4,0.05023809523809675,-8.561643835616195,0.0,0.08571428571428896,-10.46423135464214,-8.985623003194831,0.014761904761883216,14.269406392695139,-0.9984025559106602,0.06142857142856428,-23.78234398782375,-40.934504792332625,0.08047619047617616
0,895000,898000,3000,4,0.04101190476190553,1.9009599847930048,-12.974051896207373,0.14904761904763575,-24.71247980230018,-39.92015968063867,0.15238095238095184,-30.415359756676974,-43.41317365269437,0.1302380952380986,-33.26679973386537,-16.966067864271352,0.1633333333333269
0,986000,989000,3000,4,0.039523809523807074,-3.813518924588033,4.002801961373592,0.07809523809524421,-1.9067594622934614,-8.005603922746074,-0.008571428571428896,-3.813518924588033,-20.014009806864628,0.09238095238097799,,,
1,96000,99000,3000,4,0.05910716333672994,4.765535646207297,-8.037777554505965,0.12800185947806142,2.8593213877248225,0.0,0.02859866539562006,35.26496378192911,11.051944137445702,0.24225292462853076,37.17117804041159,12.056666331758947,0.25127652441493353
1,225000,228000,3000,4,0.07606063675253338,-18.08318264014508,6.010819475055218,0.24137794370291488,-19.986675549633624,26.046884391905945,0.4612872635134124,-2.855239364233375,37.06672009617273,0.40015921972376134,2.855239364232265,2.504508114606896,-0.00349322253561013
1,376000,379000,3000,4,0.05119356396962971,5.716463414633388,-4.018485031143104,0.09736603936723043,4.76371951219523,-15.069318866787196,0.19829709948609775,-8.574695121951192,-9.54390194896515,0.009604686681186081,-29.53506097560954,-12.055455093429313,-0.019718662041213975
1,489000,492000,3000,4,0.06185440240813378,-1.9071231047962378,6.523811913483613,0.08433992836641835,-5.721369314388713,19.571435740453058,0.2530197850993119,9.535615523981189,29.608069453506136,0.200915341096092,-8.58205397158418,49.68133687961007,0.5828837648150937
1,965000,968000,3000,4,0.059998418524628505,0.948496632837692,-4.999500049994721,0.0597437741852076,-22.763919188086845,-0.9999000099991662,0.071888203093593,-22.763919188086845,-1.9998000199983323,0.061846025949591876,,,
2,69000,72000,3000,4,0.0392368584400522,5.709391949757503,-7.011217948718063,0.12687609837058744,-1.9031306499195377,-32.05128205128194,0.300664048853335,28.546959748787515,-26.041666666666295,0.5444793830725416,11.418783899515006,23.03685897435903,0.07002738373645911
2,445000,448000,3000,4,0.0498929108687598,3.8124285169649497,14.037902336307972,0.10187749337143259,-16.202821197102146,-11.029780407099121,0.0514877393765687,-8.577964163172247,-17.046024265516824,0.027222072805813013,-4.765535646206187,10.027073097362837,0.14735096567009975
2,694000,697000,3000,4,0.05257304293232323,8.538089365335289,-10.99010890198815,0.1953086535992128,-17.076178730670577,6.9937056649016505,0.0869200500237497,-11.384119153780015,13.987411329803301,0.09989012086704463,-113.84119153780459,-6.9937056649016505,0.9152751147918678
2,864000,867000,3000,4,0.04086463599105983,-5.706134094151105,13.011710539485577,0.1669364458469147,-7.6081787922011035,10.009008107296768,0.15595374750803614,-24.726581074655527,-5.004504053648384,0.17697760749838665,53.25725154541105,9.008107296566426,0.4416603530136882
2,969000,972000,3000,4,0.047944650537942834,7.598062494063029,-3.000300030002734,0.1059043879449888,11.397093741096764,-4.000400040004015,0.15386207587410183,17.095640611644036,-4.000400040004015,0.2108150896377481,,,
0,62000,64000,2000,3,0.06999999999999791,-15.26280644853606,-6.004803843074891,0.09238095238094957,-3.8157016121342924,-5.004003202562224,-0.011904761904759198,3.815701612133182,6.0048038430737805,0.021904761904764314,-41.97271773347278,-43.03442754203357,-0.010952380952389262
0,180000,182000,2000,3,0.028333333333335986,6.682577565633174,-8.023267475679718,0.14666666666667538,0.0,-7.020359041219892,0.06999999999999318,-9.546539379474694,-6.017450606760066,-0.03523809523809973,-0.9546539379479135,16.046534951359437,0.06571428571429294
0,191000,193000,2000,3,0.04158730158730369,-0.9559315553009373,7.02247191011196,0.07952380952380622,-3.823726221202639,-7.02247191011196,-0.03190476190476943,1.9118631106018746,8.02568218298605,0.06095238095238642,10.51524710830698,3.009630818620046,-0.028095238095232844
0,311000,313000,2000,3,0.04444444444444665,6.6558904630587,-3.9936102236426407,0.10666666666666913,9.508414947227983,8.985623003194831,0.005238095238112805,3.8033659788916374,5.990415335463961,0.01809523809524194,37.08281829418958,0.0,0.37142857142858077
0,321000,323000,2000,3,0.026349206349209453,-2.851439977188397,7.982438635003586,0.108571428571409,19.009599847923386,14.967072440630336,0.0004761904761920732,15.207679878339597,18.45938934344371,0.032619047619064645,37.06871970345027,26.940730393134604,0.061428571428592704
0,376000,378000,2000,3,0.049523809523819295,-7.577910391209919,-0.9942334460133484,0.06619047619048501,-2.8417163967031644,-12.42791807516408,0.022142857142824823,-11.366865586814878,-45.73473851660403,0.2714285714285438,-38.83679075494917,-64.62517399085321,0.1852380952380912
0,509000,511000,2000,3,0.07793650793650404,3.825920612148259,-3.0156815440285367,0.0680952380952391,0.0,-5.026135906714968,0.05000000000001137,41.12864658058379,8.041817450743505,0.32952380952382043,16.26016260162677,22.114997989546303,-0.05809523809523398
0,671000,673000,2000,3,0.0630158730158712,-3.81642972998808,7.007007007007182,0.10809523809523114,-9.54107432496909,-2.002002002001735,0.07523809523809177,-8.58696689247207,-14.014014014014364,-0.054285714285711606,34.34786756988828,18.018018018017834,0.0009523809523983573
0,716000,718000,2000,3,0.045238095238095376,-9.510223490252212,9.991008092715692,0.08952380952379713,1.9020446980499983,-0.9991008092713471,0.0290476190476312,22.82453637660442,3.996403237087609,0.1885714285714215,-1.9020446980499983,-1.9982016185438045,0.0009523809523841464
0,843000,845000,2000,3,0.03904761904761737,9.51384264104238,0.0,0.095238095238102,-5.708305584625206,0.0,-0.057142857142849834,3.805537056416064,10.997800439911387,-0.07190476190477568,1.902768528208032,12.997400519896285,-0.058571428571426054
0,860000,862000,2000,3,0.029047619047612255,-9.522902580706427,1.9986009793138138,0.11523809523809803,24.759546709838265,7.9944039172574755,0.04666666666668107,18.093514903343433,-1.998600979314924,0.0800000000000125,17.14122464527179,-24.98251224143044,0.30047619047620344
0,864000,866000,2000,3,0.03777777777777184,10.460251046024993,3.995604834681199,0.064761904761923,13.313046785849991,-0.9989012086708549,0.1433333333333593,1.9018638265499987,-10.987913295374963,0.12904761904763973,-2.852795739824998,-46.9483568075113,0.44142857142858816
0,891000,893000,2000,3,0.07126984126983871,-13.306719893546592,-0.997605746209107,0.12333333333333485,0.0,-3.990422984836428,-0.03999999999999204,-24.71247980230018,-43.89465283320071,0.1123809523809598,-22.811519817508284,-17.956903431763926,0.04857142857143515
1,172000,174000,2000,3,0.08741959317790322,0.9525623928374749,12.030075187969835,0.11097323726282582,-2.8576871785102043,25.062656641603454,0.27965309399573357,-12.383311106877182,35.08771929824572,0.4754037500878354,-2.8576871785102043,14.035087719297401,0.1691891454116785
1,274000,276000,2000,3,0.036529655886155865,-9.512032721392671,-5.005506056662279,0.04511799893201385,-1.9024065442785343,-29.031935128641663,0.08805524671686271,11.414439265671206,-10.011012113324558,0.03071431949365433,-10.463235993531939,-49.55450996095734,0.20812388198211806
1,397000,399000,2000,3,0.04324837338747519,3.81715812577621,-4.022121669180478,0.07830026243685495,6.680026720107257,-11.060834590246316,0.17719416784049713,-7.634316251550199,-6.535947712418277,-0.010988956285601148,13.360053440214514,-3.016591251885359,0.16358696994490174
1,513000,515000,2000,3,0.0414744787976152,-1.8980734554430168,7.9952028782726,0.09940319408242715,-15.184587643541914,6.99580251848797,0.22282145545132437,-17.08266109898493,3.497901259243985,0.2067396123776888,-66.4325709404956,-0.9994003597846302,0.6572600154203201
2,12000,14000,2000,3,0.05927161501876318,0.0,5.989817310572132,0.05993407252022109,5.696382796924748,-5.989817310572132,-0.04094973459902462,-1.8987942656412127,-15.972846161524945,-0.016996965416822718,-27.53251685179925,-40.930418288909195,-0.023560225185605077
2,131000,133000,2000,3,0.0766345755628303,-5.706134094151105,2.9994001199762366,0.0869200500237497,0.0,19.996000799840097,0.19978024173408926,1.9020446980499983,15.996800639872522,0.14083985546606925,15.216357584402207,3.9992001599675753,-0.08796588584071685
2,150000,152000,2000,3,0.029949653071852822,1.8966334755798897,-8.981139606825117,0.09894858417962382,1.8966334755798897,-4.989522003792102,0.0589925358328145,-9.48316737790389,-0.9979044007579763,0.08493267751937594,-28.449502133712777,-47.89941123640396,0.18477064882166871
2,174000,176000,2000,3,0.07429859111945329,3.7896731406905637,-1.9954105557218327,0.05794670001583313,-17.05352913311198,-13.967873890052829,-0.031012872077056386,-26.527711984841716,-16.960989723635578,-0.04398294292035132,-26.527711984841716,-98.77282250823072,0.7231314656867482
2,383000,385000,2000,3,0.052917427595981316,-4.76371951219523,0.0,0.047460844803040914,-16.196646341463115,1.0020040080149784,0.1713558844170251,-6.669207317072656,-11.022044088175864,-0.04343395022949892,-18.102134146341655,-7.01402805611262,0.1104281256445887
2,432000,434000,2000,3,0.05183635131556249,1.909307875895827,10.037137408411834,0.08090578294581974,4.773269689737347,9.033423667570428,0.042440263977326254,1.909307875895827,3.512998092944919,0.015977204382252808,13.365155131264128,41.15226337448652,0.2766591301063812
2,676000,678000,2000,3,0.0692606271054738,6.6432570940500035,-4.998500449865384,0.11639024315778101,22.77688146531176,5.998200539838461,0.1678779825343497,5.69422036632794,6.997900629810427,-0.012970070843294934,-69.27968112365957,31.990402879136237,0.8147838516691905
2,807000,809000,2000,3,0.08077493494697308,-7.606731957782165,-1.9996000799837876,0.05595932751144517,-28.52524484168506,21.995600879824995,0.5045233347257323,-19.96767138917943,27.994401119775247,0.4790278866004911,-4.754207473613992,14.997000599878962,0.19729602610361496
2,962000,964000,2000,3,0.0815856236355567,0.0,-5.997001499250532,0.05993407252022109,-7.592293821770957,-4.997501249375258,-0.025992291251355937,3.7961469108860335,-8.995502248875242,0.1278697846227601,,,
0,35000,36000,1000,2,0.03738095238094985,-1.911132345915334,8.02568218298605,0.09904761904762438,-3.8222646918295577,12.038523274477964,0.1580952380952283,3.822264691830668,18.057784911718056,0.14190476190475465,16.24462494027812,-14.546548956660965,0.2802380952381043
0,119000,120000,1000,2,0.071071428571436,0.9574875526618953,6.027122049221401,0.05047619047618923,22.022213711221372,9.040683073833211,-0.0376190476190601,35.4270394484879,-2.0090406830741703,0.2057142857142793,62.236690923018756,15.067805123054612,0.3023809523809433
0,257000,258000,1000,2,0.07357142857142662,-3.8178867996563337,-1.0013016921994744,0.028095238095232844,9.54471699914139,15.019525382997667,0.05476190476190368,7.635773599312667,11.014318614197549,0.03380952380952351,32.45203779707939,36.0468609191944,0.03619047619046967
0,264000,265000,1000,2,0.030000000000001137,-7.6226774654597484,-0.9999000099991662,0.0661904761904708,0.0,-1.9998000199983323,-0.020000000000010232,2.8585040495476832,-20.997900209979157,0.12333333333333485,23.820867079562547,9.999000099989441,0.02285714285712004
0,325000,326000,1000,2,0.032619047619050434,7.593735168485161,0.0,0.07619047619047592,3.7968675842425803,4.986536351849757,-0.011904761904773409,-7.593735168486271,15.956916325921,0.10952380952377894,27.527289985762593,29.919218111100765,-0.023809523809532607
0,341000,342000,1000,2,0.08738095238094701,-7.610350076103778,2.9943108094609983,0.10619047619047706,11.415525114155667,-5.988621618924217,0.02285714285713425,33.29528158295236,-9.981036031539992,0.28190476190478364,14.269406392695139,-10.979139634693658,0.10142857142859896
0,346000,347000,1000,2,0.08285714285713652,10.452299505891993,-9.98701687805803,0.20476190476192357,21.854808057772956,-3.99480675122299,0.2590476190476494,13.302926643861124,-6.99091181464051,0.20333333333336157,2.850627137971351,6.9909118146416205,-0.04142857142855405
0,368000,369000,1000,2,0.05309523809523853,8.534850640113945,-6.967253906638993,0.0728571428571172,14.224751066855834,0.995321986663189,0.05000000000001137,3.793266951162,9.95321986662745,0.06190476190477057,-11.37980085348489,-81.61640290634043,0.6228571428571286
0,373000,374000,1000,2,0.08642857142859128,6.628787878788511,-5.971337579617764,0.12666666666663673,-10.416666666667185,8.957006369427756,0.011904761904759198,-14.204545454545858,-10.947452229299603,-0.032857142857182,-31.250000000000444,-74.1441082802552,0.4307142857142736
0,430000,431000,1000,2,0.08571428571428896,-7.618322064565364,-16.011207845492148,0.08380952380949225,-3.8091610322821268,-20.014009806864628,0.16190476190475067,-10.475192838776959,-25.01751225858051,0.14523809523808495,-11.42748309684749,-45.031522065446254,0.33571428571427475
0,453000,454000,1000,2,0.05595238095239097,11.453660398970111,0.0,0.11428571428571388,0.0,-4.011231448054486,0.03999999999999204,-15.271547198625335,-3.0084235860405872,0.00047619047617786237,1.908943399828722,2.0056157240277983,-0.0009523809523841464
0,561000,562000,1000,2,0.023809523809518396,4.775549188156258,-4.012036108325123,0.08761904761904304,21.967526265520565,-13.039117352056095,0.34904761904761017,23.877745940783512,-19.057171514543782,0.42809523809523853,0.0,40.12036108324901,0.37142857142858077
0,576000,577000,1000,2,0.07380952380952976,-1.90821486499404,-9.022556390977376,0.07095238095236311,2.86232229748995,3.007518796993569,-0.0014285714285762197,3.81642972998808,3.007518796993569,0.008095238095236823,-40.07251216486929,9.022556390978487,0.3519047619047484
0,698000,699000,1000,2,0.017619047619035655,-4.759185227488638,14.986512139074648,0.1976190476190567,2.8555111364925168,15.486062543710322,0.12642857142859043,4.759185227489748,25.976621041063908,0.21238095238098254,43.78450409289858,14.986512139074648,0.22238095238098765
0,722000,723000,1000,2,0.06261904761906578,17.115146905011258,-2.997601918465209,0.20142857142856485,20.918512883902896,4.996003197441645,0.1595238095237903,24.721878862794533,28.477218225420042,-0.037380952380956955,1.9016829894447085,-12.98960831334961,0.14904761904759312
0,768000,769000,1000,2,0.03785714285714903,7.606731957783275,-7.988815658078741,0.15619047619048843,7.606731957783275,-11.983223487117556,0.19619047619048047,-11.410097936673802,-11.983223487117556,0.005714285714290668,-11.410097936673802,-19.972039145196298,0.08571428571428896
0,787000,788000,1000,2,0.06523809523809376,-1.905669366364382,5.9976009596152124,0.07904761904762836,-5.717008099094256,-1.9992003198721076,0.03714285714285381,-7.6226774654597484,-4.998000799679714,0.026190476190478762,17.15102429728388,-7.99680127948843,0.07619047619047592
0,880000,881000,1000,2,0.02880952380951385,0.9518370454975056,9.99200639488329,0.0904761904762239,-2.855511136493627,21.982414068744127,0.248571428571438,2.8555111364925168,9.99200639488329,0.07142857142859782,23.7959261374443,-2.997601918465209,0.22238095238098765
0,905000,906000,1000,2,0.030000000000001137,5.72464459498212,-10.015022533800266,0.0952380952380878,24.8067932449203,-6.009013520280604,0.24571428571427134,30.5314378399002,-21.031547320981005,0.45285714285714107,-24.80679324491919,37.05558337506298,0.6176190476190442
0,993000,994000,1000,2,0.031071428571422643,9.535615523981189,-3.004506760140302,0.12523809523810314,-1.9071231047962378,-12.018027040561208,0.10095238095240688,,,,,,
0,996000,997000,1000,2,0.04511904761904617,3.814973772056085,-9.51760757401221,0.13309523809523682,,,,,,,,,
1,90000,91000,1000,2,0.06272770804202565,-3.814973772054975,4.017274279402017,0.07830026243685495,-1.9074868860280425,3.0129557095515125,0.04919230836244992,10.491177873153124,-13.056141408054334,0.16016554562530416,28.612303290413976,0.0,0.21074212359212652
1,156000,157000,1000,2,0.03514762000402527,8.57551214864305,-9.032517061421386,0.1509983494068905,13.339685564555115,-1.0036130068247218,0.11832537458086279,13.339685564555115,1.0036130068247218,0.09824102029284631,-3.8113387327298742,40.144520272982206,0.4398186396209951
1,160000,161000,1000,2,0.05210444400323411,3.8077106139944306,-3.010234798314082,0.06825808529283961,-3.8077106139933203,6.020469596628164,-0.026927202927225835,-10.471204188481353,9.532410194661445,0.07495063633325572,3.8077106139944306,35.11940598033281,0.1880328265272766
1,165000,166000,1000,2,0.054213396934422065,7.6183220645642535,-7.019655034095074,0.07510093393204897,-6.666031806494832,3.509827517047537,0.10187783926048155,-7.618322064565364,20.056157240273542,0.27710665060173767,2.8568707742127053,18.050541516245744,0.15216052319645712
1,260000,261000,1000,2,0.04609732659820054,-6.65589046305981,6.007810153199067,0.12698328212047727,-13.31178092611962,8.010413537598016,0.2137978556649216,-3.8033659788916374,-10.013016921998075,-0.005380079651956748,11.410097936674912,-60.07810153199178,0.6492549929915441
1,270000,271000,1000,2,0.05872519682763766,4.756016360696336,-5.0115265109751395,0.09787532804602961,0.0,12.027663626341667,0.06359598780079523,-1.9024065442785343,-17.039190137315696,0.15165123451765794,-20.926471987063877,-28.06454846146167,0.07145741379761716
1,278000,279000,1000,2,0.05195749698783203,6.65842290497487,-13.531121579632988,0.20229961070047864,6.65842290497487,-2.004610604390278,0.08681457354441591,22.82887853134241,-25.057632554875696,0.47984375176501715,-13.31684580994974,-33.07607497243681,0.19793140723929525
1,320000,321000,1000,2,0.08110135017024334,13.344771709082881,1.0051261433319247,0.12341826136885459,10.485177771422105,-9.548698361644403,0.20026245598529613,0.0,2.010252286661629,-0.02008435428800226,13.344771709082881,10.051261433310366,0.033038667072816
1,344000,345000,1000,2,0.049920342272628204,3.8127919168817748,-7.533524182612439,0.1134478824408518,6.672385854542551,11.551403746672406,-0.02052184475081731,-4.765989896101663,-0.5022349455074959,-0.02663330889642168,-8.578781812982328,-6.529054291597447,-0.02052184475083152
1,347000,348000,1000,2,0.04169657461241627,-3.812065186314939,8.028098344203816,0.11846897101284526,-5.718097779472409,-6.021073758153417,-0.003055732072795081,0.0,-9.031610637230125,0.006986445071206049,-11.436195558943707,-25.08780732563998,0.05326661779281494
1,930000,931000,1000,2,0.056838339711255514,1.8966334755798897,-6.9944044764191915,0.08936101693842602,-17.06970128022789,0.9992006394887731,0.13723415274562,-28.449502133712777,9.99200639488329,0.3420084086241104,-28.449502133712777,-1.998401278976436,0.22150228289606844
2,23000,24000,1000,2,0.07091677085912806,0.0,-10.998900109988607,0.10987913295375051,0.0,-4.999500049994721,0.04994506043352942,9.49577438040139,6.999300069991943,0.02499860499914064,-18.99154876080167,-30.996900309968602,0.11981599547570454
2,40000,41000,1000,2,0.03647814646414105,-9.515653249595468,7.0091118453996515,0.1648447742129946,1.9031306499184275,-9.0117152297986,0.09476524091179783,18.079741174230612,-43.05597276459405,0.5957585241900745,19.98287182415126,-67.08721337739033,0.8544791521921979
2,43000,44000,1000,2,0.03953742956786499,13.329524897647271,-5.007009813738916,0.07478721673837185,8.568980291345785,-29.040656919687713,0.26706266201624373,9.521089212605194,-44.06168636090557,0.42639001227743734,35.22803008664255,-59.08271580212343,0.832513755514384
2,66000,67000,1000,2,0.06818413366558929,8.563273073263211,6.0132291040293495,0.02549544812522697,-0.9514747859185047,6.0132291040293495,-0.06942624148084064,-2.8544243577544037,-26.057326117457926,0.23123780737249433,10.46622264510022,15.033072760071153,-0.04542132273387267
2,117000,118000,1000,2,0.05690086419888729,-15.207679878338487,2.0018016214584655,0.0380729749719535,2.851439977189507,10.009008107296768,-0.06236613858594353,-7.603839939169799,18.01621459313285,0.12195981667436229,19.009599847923386,25.02252026824081,-0.059881922955455025
2,122000,123000,1000,2,0.048729027400661096,0.9502090459911905,15.998400159984438,0.1503320244266746,-10.452299505890883,7.999200079991109,0.18432595526030582,-8.551881413910722,0.9999000099991662,0.09541853273216816,27.556062333713438,15.998400159984438,0.10640123107104671
2,394000,395000,1000,2,0.031339517987262866,-1.9067594622934614,9.027986758953777,0.10888544670156364,-12.39393650490972,5.015548199418518,0.17334325692141306,-20.020974354085787,15.046644598255554,0.34917072947332883,-0.9533797311467307,-4.012438559534148,-0.0037386497064915147
2,397000,398000,1000,2,0.06958269017511753,-1.9104021396498805,10.04621257785887,0.11887445878825531,-13.372814977552494,23.106288929073404,0.3626376434427101,-15.283217117203485,29.13401647578917,0.4415560538841703,21.96962460597973,19.0878038979303,-0.02852865644658209
2,442000,443000,1000,2,0.07957170226181631,5.730111737178856,7.530876594035174,0.01796457688664077,20.055391080127105,14.05763630886625,-0.05948937895888662,3.8200744914518303,3.0123506376145137,-0.008001639582317921,7.640148982905881,48.19761020182778,0.40353522847695444
2,517000,518000,1000,2,0.035562684559089064,-1.905669366364382,4.509469886762041,0.06393489231138005,3.811338732728764,-2.0042088385607837,-0.05794670001584734,-3.8113387327298742,4.008417677121567,0.07792472418925911,-40.019056693663124,0.0,0.3986710963455238
2,520000,521000,1000,2,0.013597287881282227,-1.9060325931574695,7.018951168153986,0.08890742252816608,3.812065186314939,2.0054146194725675,-0.017990651669009594,0.0,23.062268123934526,0.2297472779942069,-36.2146192699897,11.029780407099121,0.47058155345685293
2,551000,552000,1000,2,0.06133262902975645,-6.6819396716299995,1.0036130068247218,0.07643419481095748,5.72737686139746,1.0036130068247218,-0.04696400167694037,-2.86368843069873,26.093938177438325,0.2881908211361548,17.18213058419238,56.20232838217554,0.3885256355645197
2,700000,701000,1000,2,0.047957687929127246,-7.5966195043208895,4.994506043352054,0.12588241211838636,-3.7983097521598896,12.985715712716672,0.16782583296959785,-11.39492925648078,27.969233842772834,0.39359836595502884,-97.80647611812742,5.993407252022909,1.037627475462827
2,935000,936000,1000,2,0.06473230656528273,-3.7911098474074922,-11.972463334330996,0.08189946919802082,-3.7911098474074922,-18.457547640426952,0.14682804776160197,1.895554923703191,-30.928863613688407,0.32864371260903624,7.5822196948149845,-33.921979447271156,0.41556376263280015
0,43000,43000,0,1,0.08880952380953033,-1.9109497420222166,3.5082443742795455,0.054047619047608464,3.821899484044433,-8.52002205182223,-0.05452380952382896,9.554748710109973,6.515310980805822,-0.03023809523810428,-2.8664246130327697,-33.57891043953343,0.12880952380952237
0,138000,138000,0,1,0.0014285714285620088,0.0,-15.064778547755342,0.15000000000000568,13.390722142514466,0.0,0.13333333333333997,-3.825920612147149,26.112282816108667,0.29523809523810485,13.390722142514466,5.021592849252521,0.08333333333334281
0,178000,178000,0,1,0.09190476190475749,7.637231503578867,3.0099327781685226,0.04619047619047478,6.682577565633174,-4.013243704223957,0.10666666666668334,-5.727923627685261,-5.016554630279391,-0.007142857142852677,-1.9093078758947168,23.076151299288306,0.06523809523810087
0,185000,185000,0,1,0.09380952380952579,3.8200744914518303,3.0111412225242162,0.008095238095222612,0.0,-13.04827863093494,0.12999999999999545,-11.460223474357711,4.014854963363401,-0.03333333333333144,9.550186228630686,15.05570611261664,-0.05476190476190368
0,188000,188000,0,1,0.08476190476190482,1.9104021396509907,-7.026701465568941,0.08904761904760505,-7.641608558601742,6.022886970487029,-0.03333333333333144,-11.462412837902614,-1.0038144950808014,-0.06523809523810087,-11.462412837902614,19.07247540654522,0.13476190476190197
0,270000,270000,0,1,0.03761904761904589,-5.717008099094256,2.0002000200025627,0.07714285714286007,2.8585040495476832,-19.001900190018794,0.14333333333334508,-17.15102429728388,-15.501550155015975,0.016428571428562577,39.06622201048204,20.002000200018966,0.11523809523808382
0,272000,272000,0,1,0.054285714285711606,10.48817696414961,-6.003602161296362,0.0561904761904799,13.34858886346213,-3.001801080648736,0.05476190476191789,-2.8604118993136307,-14.008405043025585,0.0028571428571524393,28.604118993134087,21.012607564538932,-0.032857142857139365
0,278000,278000,0,1,0.08095238095238244,-14.288435892551021,6.0060060060052045,0.0409523809523904,-18.09868546389759,-14.014014014014364,-0.0409523809523904,-14.288435892551021,-14.014014014014364,-0.0028571428571524393,40.96018289198034,47.04704704704632,-0.06047619047619435
0,295000,295000,0,1,0.08285714285713652,1.9074868860280425,13.00780468280971,0.11095238095238358,26.704816404388154,17.01020612367321,-0.06904761904762324,19.074868860275984,12.007204322592724,-0.07047619047619946,17.16738197424794,29.017410446268155,0.11857142857142833
0,297000,297000,0,1,0.029523809523809064,-1.9045805161410634,12.002400480095599,0.0799999999999983,14.284353871059086,14.002800560111162,0.0028571428571382285,3.8091610322821268,21.004200840168963,0.11285714285713766,21.90267593562556,15.003000600120053,0.06904761904760903
0,309000,309000,0,1,0.042142857142849266,-3.804089396101107,2.4953835404506464,0.06309523809524364,8.559201141227213,-6.487997205170126,0.06642857142857395,17.118402282454426,1.4972301242699437,0.07214285714286461,48.50213980028606,-12.476917702251011,0.5264285714285819
0,468000,468000,0,1,0.08238095238094445,-1.911497658415584,2.0054146194725675,0.039047619047622106,7.645990633662336,-12.533841371703547,0.03642857142857281,3.822995316831168,-24.06497543367081,0.11333333333334394,9.55748829207792,-29.07851198235223,0.22047619047620515
0,472000,472000,0,1,0.05523809523809575,1.9104021396509907,-15.537289494786943,0.0635714285714215,3.820804279299761,-29.069767441860517,0.2176190476190527,22.924825675805227,-38.091419406576236,0.4980952380952317,30.56643423440697,-15.036086607859156,0.34428571428571786
0,514000,514000,0,1,0.09999999999999432,-4.781028877414162,-7.035175879397393,0.022380952380956387,20.080321285140812,-5.025125628140836,0.25,41.11684834576357,25.12562814070307,0.15952380952381873,18.167909734174703,11.557788944722702,0.06595238095239608
0,594000,594000,0,1,0.08238095238094445,1.905669366364382,0.0,0.019047619047611875,3.811338732728764,4.005206768800118,-0.001904761904754082,-15.245354930919497,11.014318614197549,0.09761904761906237,-34.302048594568866,16.020827075198252,0.33809523809524933
0,603000,603000,0,1,0.04285714285714448,-5.722460658083017,8.00800800800694,0.13714285714286234,-7.62994754411106,16.0160160160161,0.2361904761904583,-13.352408202194077,15.015015015014122,0.28333333333333144,-16.21363853123503,27.02702702702675,0.4319047619047609
0,685000,685000,0,1,0.00023809523808893118,-2.8598665395618283,7.507131775186249,0.10357142857144197,6.673021925642786,9.509033581902582,0.028333333333350197,6.673021925642786,12.511886291977081,0.058333333333351334,40.991420400380285,38.53660977928941,0.02404761904763575
0,687000,687000,0,1,0.02761904761905498,-3.8113387327298742,6.0012002400489095,0.09809523809522602,-1.905669366364382,-6.001200240047799,-0.014285714285733775,1.905669366364382,12.002400480095599,0.10095238095237846,41.92472606002751,40.00800160032014,-0.019047619047640296
0,720000,720000,0,1,0.05238095238094331,-0.9519276534986076,6.9930069930079775,0.07952380952382043,30.461684911946563,-1.9980019980014863,0.22000000000002728,38.07710613993321,10.98901098901095,0.16619047619047933,19.038553069967712,-3.9960039960040827,0.12571428571430943
0,737000,737000,0,1,0.008571428571414685,-5.69313976658159,5.97728631201333,0.11714285714286632,-3.795426511054023,0.9962143853359251,0.048095238095243076,5.6931397665804795,-4.981071926678515,0.0899999999999892,-42.69854824935915,-47.818290496114415,0.034285714285729796
0,739000,739000,0,1,0.09952380952380224,-1.8973531922972242,-0.9951238929251094,0.009047619047606759,-1.8973531922972242,-9.453676982784653,-0.07595238095238699,10.435442557632513,-24.878097323116634,0.15571428571431056,-45.53647661512228,-38.80983182406261,0.06714285714286916
0,777000,777000,0,1,0.01238095238093706,-2.8557829604947127,6.99580251848797,0.09857142857144652,-2.8557829604947127,-7.9952028782726,0.026666666666685046,-10.471204188481353,-15.990405756546311,0.03047619047620742,2.855782960495823,-24.98500899460354,0.2538095238095366
0,809000,809000,0,1,0.01809523809524194,9.539254030335176,-6.010819475055218,0.15523809523807586,17.17065725460376,-2.0036064916850727,0.19142857142857395,20.986358866736943,12.021638950110436,0.08952380952381134,21.94028426977024,37.06672009617273,0.11476190476189174
0,815000,815000,0,1,0.0799999999999983,6.666666666665932,-2.0016012810253336,0.0866666666666589,9.523809523810378,6.0048038430737805,0.03523809523809973,-7.619047619047414,-11.008807045636004,0.03380952380952351,-0.9523809523814819,14.011208967172895,-0.010476190476197189
0,826000,826000,0,1,0.06428571428570251,16.204365646745877,-4.006009013520773,0.20190476190477114,22.876751501286208,-9.013520280420906,0.31857142857143117,14.29796968830388,3.5052578868310924,0.10785714285715642,25.736345438946984,15.02253380070151,0.10714285714287541
0,900000,900000,0,1,0.07285714285714562,-4.755111745126106,-15.988807834516061,0.1123809523809598,-36.13884926295774,-25.98181273108846,-0.04380952380952863,-19.020446980504424,-18.986709303487892,-0.0004761904761920732,-35.18782691393274,0.9993004896569069,0.21666666666665435
0,910000,910000,0,1,0.07238095238095354,11.434016198188512,-9.010812975570603,0.20428571428570308,22.868032396379245,-14.016820184220569,0.36857142857142833,19.05669366364826,-18.021625951141207,0.3704761904761824,-29.537875178656805,39.046856227473725,0.5404761904761841
0,983000,983000,0,1,0.024761904761902542,-3.813518924588033,6.0048038430737805,0.09809523809524023,2.8601391934413023,5.004003202562224,0.02142857142857224,-7.627037849174956,-6.505204163330669,0.011190476190478194,,,
0,991000,991000,0,1,0.0647619047619088,-4.766898655734764,1.0004001600649737,0.05761904761904191,-5.720278386881494,-17.0068027210879,-0.01666666666667993,,,,,,
1,12000,12000,0,1,0.06229021757923192,-4.768262445165039,15.078407720143794,0.07371666432763391,-25.74861720389121,-1.0052271813432156,0.12276537625805872,-29.563227160023242,11.56011258544476,0.2864241444189446,2.8609574670990234,-2.0104543626864313,0.04868301968362232
1,18000,18000,0,1,0.06760520018202953,-7.644529383660226,5.029675082990348,0.1264739934416781,-3.8222646918295577,12.071220199174615,0.1586376795888924,9.55566172957445,3.017805049794209,-0.06520235322003032,28.66698518872335,20.11870033195917,-0.050067289288023176
1,40000,40000,0,1,0.07917524336245663,-6.687046236147909,-1.0055304172951196,0.05668804211241252,20.061138708444837,23.12719959778775,0.030779416542799254,25.792892625142727,35.193564605329186,0.09408821147961532,16.239969430644763,17.094017094017033,0.008657907539586063
1,46000,46000,0,1,0.07284168340201802,-7.6226774654597484,2.0060180541614514,0.0963474620096747,-5.717008099094256,9.027081243730972,0.1475769250872787,-1.905669366364382,-23.069207622868902,0.0662209305776571,-11.434016198189623,-10.030090270812808,0.01397289014244052
1,54000,54000,0,1,0.02961724275321842,1.9067594622934614,-12.550200803213007,0.08535850572404513,3.8135189245869228,-3.0120481927708997,0.00902359978641698,-5.720278386881494,-22.088353413655113,0.10449608087043316,5.720278386882605,-7.028112449799506,0.0682580852928254
1,93000,93000,0,1,0.06927666265042376,2.8604118993125205,6.022282445046212,0.03165439746841514,-0.9534706331049136,-12.044564890093534,-0.02758008803800749,6.674294431732175,-18.066847335139748,0.10893608254765752,39.092295957283696,1.0037137408414054,0.24225292462853076
1,102000,102000,0,1,0.05122946307763243,6.674294431732175,-6.029544769370343,0.12698328212044885,29.557589626239,10.551703346397545,0.1900766824092841,35.27841342486626,5.024620641140842,0.30250598749255175,28.604118993134087,3.0147723846840613,0.25586012252412615
1,104000,104000,0,1,0.09787532804604382,6.669842782276447,-3.014166582939737,0.09685675068844546,32.39637922820337,11.051944137445702,0.2136542592329107,32.39637922820337,-6.028333165879474,0.38437127068100096,7.6226774654597484,0.0,0.07626310772164402
1,163000,163000,0,1,0.030492223678834307,-1.9031306499195377,-12.032487716835405,0.10144034879762387,-3.8062612998379652,-11.029780407099121,0.07233239472321884,-14.273479874393757,-3.0081219292088512,0.051882348188399874,5.709391949757503,29.07851198235223,0.17304135902726614
1,170000,170000,0,1,0.004440001677210148,-6.666031806494832,7.5240770465478946,0.13316654448207998,-1.9045805161410634,19.060995184589924,0.2009871393120619,-10.475192838776959,34.10914927768793,0.4374157926590101,-3.8091610322821268,35.11235955056202,0.38072775054658337
1,258000,258000,0,1,0.09671315425644877,-0.9508414947223542,-4.010427110486825,0.030635820110845202,-0.9508414947223542,31.080810106276502,0.1274140714164247,-22.820195873347604,20.052135552435235,0.23620655753209974,23.77103736806996,-23.05995588530174,0.46929228594224526
1,282000,282000,0,1,0.07968453204127002,4.75692132052119,0.0,0.04766444232602396,18.076301017981855,0.0,0.1811248808388939,29.492912187232267,-18.555667001003417,0.48129981958541634,-26.63875939491911,-17.05115346038122,-0.06316519850484781
1,372000,372000,0,1,0.013463601463612918,5.712653527563116,-11.034206038720296,0.16766127937528097,-5.712653527563116,-4.012438559534148,-0.009898580712004446,-0.9521089212605194,-31.096398836393256,0.30177460299893255,-42.8449014567267,-18.055973517905333,0.2212935894148984
1,415000,415000,0,1,0.0907452865428553,-3.8200744914529405,5.025630716655183,0.08834243958084187,-14.32527934294714,-2.010252286661629,0.1229089726900554,-1.9100372457259152,7.035883003316812,0.08936101693845444,30.560595931621304,-37.1896673032468,0.4951224121290352
1,479000,479000,0,1,0.08274026411403668,-2.8557829604947127,-7.025291047771942,0.04169657461243048,-19.038553069966603,-8.028904054596664,-0.05516017607601498,-19.99048072346521,-6.02167804094722,-0.025542933322810768,1.9038553069972153,58.20955439582498,0.39789996919378723
1,508000,508000,0,1,0.07909674397961908,-4.749691270067302,-0.9999000099991662,0.03762226518202283,3.7997530160538417,2.9997000299974985,-0.008005022428790198,-9.499382540134604,10.998900109988607,0.20579283323608877,-75.99506032107905,2.9997000299974985,0.7927576086484152
1,511000,511000,0,1,0.010838658686793678,0.0,9.001800360071144,0.0903795942960528,3.798309752161,16.003200640128945,0.1225432804432387,-11.39492925648078,17.503500700140062,0.29013276160253554,-66.47042066280528,0.0,0.6673021925643354
1,734000,734000,0,1,0.057771716519198435,0.9466111321465576,7.972892166634438,0.07080452868683551,-23.66527830367282,6.477974885390481,0.30359636306616267,-19.878833775085482,14.94917281243735,0.3508233149293716,-42.59750094661064,31.89156866653331,0.7503296495423797
1,934000,934000,0,1,0.0921946531964295,0.0,4.996003197441645,0.05021088572004828,-9.493971328206063,-9.9920063948844,-0.005092886787991802,-49.36865090667375,2.9976019184663194,0.5258367316226611,-30.380708250261623,4.996003197441645,0.3552633166065817
1,939000,939000,0,1,0.0871017664084377,0.9502993442933594,5.001000200040018,0.04067799725481791,-39.912572460325535,13.00260052010449,0.5309296184106529,-20.906585574456127,20.00400080016007,0.4105670891145792,-16.15508885298822,27.005401080215652,0.43319788679659155
1,972000,972000,0,1,0.09860671253964881,-13.291559859489599,11.01211332465768,0.046710962017613156,-17.089148390772024,3.0033036339971453,0.004505098726397705,-22.78553118769566,19.020923015315994,0.22237726382168432,,,
2,0,0,0,1,0.0,-9.492168960607561,8.990110878033253,0.18482279838642057,10.441385856667651,15.982419338727016,0.055410334820592766,-9.492168960607561,11.986814504045817,0.21478983464653822,-13.289036544850141,-58.93517131155712,0.4564613476670729
2,2000,2000,0,1,0.06092775877242218,3.7961469108860335,7.984828825231549,0.04194342085119729,2.84711018316397,3.992414412616885,0.011479541465007514,0.0,-0.9981036031536661,-0.009989012086705884,-13.286514188098897,-70.86535582393472,0.45447397516268495
2,28000,28000,0,1,0.019951949391028734,5.7007125890740085,-3.500175008750439,0.09191455606712395,11.401425178148017,11.500575028751125,-0.0009676114698038418,7.6009501187646045,-13.500675033751852,0.21078901485537926,-17.102137767220917,-46.50232511625552,0.2936300207408209
2,115000,115000,0,1,0.04989291086876335,-7.6081787922011035,8.010413537598016,0.056063626640991515,-8.559201141227213,8.010413537598016,0.06555579560158264,6.6571564431772146,26.033843997197437,0.09348330979254627,40.89396100808385,38.04946430359557,0.028580806011333948
2,126000,126000,0,1,0.09641221898435504,-6.6489361702126715,0.0,0.0664451827242516,-10.448328267477214,-14.979029358898055,-0.04542132273387267,-16.14741641337347,-1.9972039145199627,0.14138884815692165,25.645896656534273,8.987417615338167,-0.02643698481266199
2,154000,154000,0,1,0.03796867584242136,7.590853022108046,0.9989012086708549,0.06594833959816526,11.38627953316318,5.993407252022909,0.053971955007071415,19.9259891830339,15.982419338727016,0.03951135478548906,-18.977132555271226,-44.95055439017071,0.2596621646895585
2,157000,157000,0,1,0.0639609670937773,3.7925476438793737,-8.985623003194831,0.12786978462277432,-11.377642931639231,3.9936102236426407,0.025940141686561446,-0.9481369109698434,4.992012779552191,-0.05943722939414897,-12.325779842609075,-32.94728434504846,0.20623920237333948
2,192000,192000,0,1,0.08835842983729947,8.556759840274708,-4.005607850990911,0.1253855689922858,4.753755466819776,-5.007009813738916,0.09740590523654191,-2.8522532800911993,-13.018225515721848,0.10138065024533205,27.57178170754937,-66.09252954135836,0.9345476975801148
2,425000,425000,0,1,0.07708748663134202,-0.9552010698254954,2.008838891121023,0.02947019313401711,3.820804279299761,5.022097227802558,0.011976384591108058,7.641608558601742,17.075130574528696,0.09387585378910046,11.462412837901503,26.11490558457108,0.14580828672701784
2,427000,427000,0,1,0.09905288330914175,0.0,4.015257980325426,0.039956048346823536,-0.9548362455835679,-5.019072475406228,-0.04045289147292408,3.8193449823364922,7.528608713109897,0.03694891480783724,21.006397402845156,31.1182493475215,0.10083165755446544
2,430000,430000,0,1,0.08906387122245008,-0.9548362455835679,6.0234916173085296,0.06942624148081222,3.8193449823364922,12.046983234614839,0.0818994691979924,3.8193449823364922,6.0234916173085296,0.02196539667777131,13.367707438174392,39.15269551249878,0.25668110593296944
2,450000,450000,0,1,0.09199278041424463,-9.524716639679465,-7.5105147206089296,0.020004098955794802,-28.574149919039506,-30.042058882435718,-0.014905293782902618,-20.954376607296155,-18.525936310834766,0.024030993529322586,-7.61977331174446,-9.012617664730938,-0.0139637570954676
2,478000,478000,0,1,0.09000540790985667,-7.6226774654597484,9.016229212581717,0.1658384604652241,1.905669366364382,25.045081146062298,0.230740964246408,-24.773701762743627,23.041474654377225,0.4765436709700026,-3.8113387327298742,1.001803245841426,0.04795768792915567
2,500000,500000,0,1,0.07802902331877704,0.9531979792209988,8.018442417561111,0.07041992773302752,-19.063959584405545,12.027663626341667,0.30971152425260584,-19.063959584405545,20.046106043900558,0.3896236209462387,-20.97035554284643,-11.025358324145973,0.09894858417960961
2,533000,533000,0,1,0.07703533706657595,-6.673658118028225,6.015037593984918,0.1263792552444869,-5.720278386881494,-5.012531328321135,0.007007953330116834,-11.440556773762989,-1.0025062656637829,0.10391701544057241,-43.85546763275849,9.022556390978487,0.5265408809682981
2,544000,544000,0,1,0.05407625413658934,-5.7235524182008835,2.006621852110868,0.07693103793704381,-7.6314032242674745,7.023176482392479,0.1458604362917839,-3.8157016121342924,-4.013243704223957,-0.001987372504402174,-41.97271773347278,50.16554630279835,0.9171060386019718
2,672000,672000,0,1,0.027482820629629146,15.19468186134798,-0.9991008092713471,0.10689807419716146,5.698005698004938,0.0,0.001987372504387963,26.590693257360076,4.995504046358956,0.1608700292042471,-52.23171889838562,38.964931561593644,0.91164076421488
2,688000,688000,0,1,0.08592636377156282,7.587973062694875,3.9960039960029725,0.03598130333806182,3.7939865313485477,-2.9970029970027845,0.06793571210255323,6.639476429859403,-11.988011988012248,0.186313327764708,-92.95267001802165,-8.991008991009464,0.6684787218160579
2,847000,847000,0,1,0.08493267751937594,-7.6009501187646045,-3.9960039960040827,0.03598130333804761,-11.401425178146907,0.0,0.1139060275272783,-6.6508313539193065,0.999000999000188,0.07643419481094327,20.902612826603217,-15.984015984016331,0.19878655548190238
2,851000,851000,0,1,0.08095793251060002,-3.8033659788916374,7.9984003199351505,0.11788077253605422,-1.9016829894458187,8.99820035992871,0.10888544670154943,-7.606731957782165,13.997200559887624,0.2157835208987109,47.54207473614214,11.997600479904946,0.1928244379687527
2,940000,940000,0,1,0.019010412703593715,0.0,-15.96726710244023,0.15982419338727993,3.7925476438793737,-31.435557107928336,0.3526225565736354,1.8962738219396869,-33.431465495733505,0.35361624282582227,30.34038115103721,-7.484656454268546,0.378666997389729
2,960000,960000,0,1,0.026985977503542813,-3.794706384593338,-19.972039145196298,0.1618115658916679,-3.794706384593338,-14.979029358898055,0.11186650545813848,-15.178825538374463,-16.97623327341691,0.017938502104243526,,,
2,966000,966000,0,1,0.05645617063754571,-4.749240121580955,2.9970029970027845,0.07742788106315857,-10.448328267477214,-12.987012987012436,-0.025443298560475114,16.147416413374582,-9.990009990009652,0.14834465192228663,,,
