day,K,timestamp,residual_bp,z,direction
0,4000,1600,28.1,2.45,rich
0,4500,1600,-69.6,-2.33,cheap
0,5200,1600,12.6,2.02,rich
0,5300,1600,10.3,2.58,rich
0,5400,1600,6.3,3.21,rich
0,5500,1600,0.3,2.39,rich
0,6500,1600,-9.1,-2.62,cheap
0,4000,3300,28.0,2.45,rich
0,4500,3300,-69.5,-2.33,cheap
0,5300,3300,11.0,2.69,rich
0,5400,3300,5.6,3.12,rich
0,5500,3300,0.6,2.43,rich
0,6500,3300,-9.1,-2.63,cheap
0,5400,3800,-1.1,2.23,cheap
0,6000,3800,3.1,2.18,rich
0,4000,3900,27.9,2.44,rich
0,4500,3900,-69.2,-2.32,cheap
0,5200,3900,12.5,2.01,rich
0,5300,3900,10.8,2.66,rich
0,5400,3900,5.6,3.12,rich
0,5500,3900,-0.5,2.28,cheap
0,6500,3900,-9.1,-2.62,cheap
0,5400,9100,-2.8,2.01,cheap
0,5400,9300,-1.7,2.15,cheap
0,6000,9300,3.8,2.32,rich
0,5000,10400,-13.9,-2.63,cheap
0,5400,10400,-0.8,2.26,cheap
0,5500,10400,-1.3,2.17,cheap
0,6000,10400,7.8,3.11,rich
0,6000,13500,3.3,2.23,rich
0,5000,15100,-12.7,-2.5,cheap
0,5400,15100,0.1,2.39,rich
0,6000,15100,7.5,3.05,rich
0,5400,17000,-2.8,2.01,cheap
0,6000,17000,3.3,2.24,rich
0,4000,17200,27.7,2.43,rich
0,4500,17200,-69.0,-2.32,cheap
0,5200,17200,13.1,2.11,rich
0,5300,17200,10.7,2.64,rich
0,5400,17200,5.6,3.12,rich
0,5500,17200,-1.6,2.13,cheap
0,6500,17200,-9.1,-2.62,cheap
0,5000,19400,-14.3,-2.68,cheap
0,5400,19400,0.6,2.46,rich
0,5500,19400,-1.8,2.1,cheap
0,6000,19400,7.7,3.09,rich
0,6000,21200,3.5,2.27,rich
0,5000,21700,-8.4,-2.0,cheap
0,6000,21700,3.7,2.32,rich
0,5400,22600,-0.8,2.27,cheap
0,6000,22600,3.3,2.22,rich
0,5400,26100,-2.2,2.09,cheap
0,6000,26100,5.1,2.58,rich
0,5400,28500,-2.1,2.1,cheap
0,5400,29900,-2.2,2.08,cheap
0,6000,29900,5.0,2.56,rich
0,5400,33000,-1.9,2.13,cheap
0,6000,33000,4.4,2.45,rich
0,5400,34900,-0.9,2.26,cheap
0,6000,34900,4.1,2.39,rich
0,5400,36800,-2.5,2.04,cheap
0,5400,39100,-2.5,2.04,cheap
0,6000,39100,4.0,2.36,rich
0,5400,39400,-2.3,2.08,cheap
0,6000,39400,4.1,2.38,rich
0,5400,39700,-2.0,2.12,cheap
0,6000,39700,4.3,2.43,rich
0,5000,40800,-13.0,-2.53,cheap
0,5400,40800,0.2,2.4,rich
0,6000,40800,8.7,3.29,rich
0,5400,45600,-2.5,2.05,cheap
0,5400,45800,-2.5,2.05,cheap
0,5400,46600,-0.8,2.27,cheap
0,6000,46600,3.4,2.24,rich
0,5000,48800,-12.5,-2.47,cheap
0,5400,48800,0.1,2.4,rich
0,5500,48800,-0.5,2.28,cheap
0,6000,48800,7.9,3.13,rich
0,5400,52400,-0.2,2.35,cheap
0,6000,52400,4.2,2.4,rich
0,5400,52700,-1.7,2.15,cheap
0,6000,52700,3.7,2.31,rich
0,5400,55000,-1.2,2.22,cheap
0,6000,55000,3.5,2.27,rich
0,4000,57400,27.9,2.44,rich
0,4500,57400,-69.1,-2.32,cheap
0,5300,57400,9.8,2.5,rich
0,5400,57400,6.3,3.21,rich
0,5500,57400,0.2,2.37,rich
0,6500,57400,-9.4,-2.65,cheap
0,4000,57700,27.9,2.44,rich
0,4500,57700,-69.1,-2.32,cheap
0,5300,57700,9.8,2.5,rich
0,5400,57700,6.3,3.21,rich
0,5500,57700,0.2,2.37,rich
0,6500,57700,-9.4,-2.65,cheap
0,5400,64700,-2.1,2.1,cheap
0,6000,64700,4.6,2.49,rich
0,5400,65800,-2.4,2.06,cheap
0,5400,67900,-1.7,2.15,cheap
0,6000,67900,3.7,2.31,rich
0,5400,68000,-2.3,2.07,cheap
0,6000,68000,4.0,2.36,rich
0,5400,68500,-1.9,2.12,cheap
0,5400,71800,-1.4,2.19,cheap
0,6000,71800,4.0,2.37,rich
0,4000,72800,27.9,2.44,rich
0,4500,72800,-69.1,-2.32,cheap
0,5300,72800,10.4,2.59,rich
0,5400,72800,6.2,3.2,rich
0,5500,72800,0.1,2.37,rich
0,6500,72800,-9.4,-2.65,cheap
0,4000,76100,27.7,2.43,rich
0,4500,76100,-68.6,-2.31,cheap
0,5300,76100,10.1,2.55,rich
0,5400,76100,6.7,3.27,rich
0,5500,76100,-0.6,2.27,cheap
0,6500,76100,-9.5,-2.66,cheap
0,5000,76800,-14.1,-2.65,cheap
0,5100,76800,-7.6,-2.09,cheap
0,5400,76800,2.1,2.65,rich
0,5500,76800,-0.2,2.32,cheap
0,6000,76800,7.8,3.1,rich
0,5400,77300,-0.8,2.27,cheap
0,5500,77300,-2.3,2.03,cheap
0,6000,77300,2.9,2.14,rich
0,4000,80300,26.9,2.39,rich
0,4500,80300,-65.9,-2.25,cheap
0,5300,80300,10.5,2.61,rich
0,5400,80300,6.9,3.29,rich
0,5500,80300,1.0,2.5,rich
0,6500,80300,-9.3,-2.64,cheap
0,5400,80400,-0.3,2.34,cheap
0,6000,80400,3.7,2.3,rich
0,4000,80600,26.8,2.39,rich
0,4500,80600,-66.3,-2.26,cheap
0,5300,80600,10.3,2.57,rich
0,5400,80600,6.7,3.27,rich
0,5500,80600,0.1,2.37,rich
0,6500,80600,-9.0,-2.61,cheap
0,4000,81200,27.0,2.39,rich
0,4500,81200,-66.6,-2.27,cheap
0,5300,81200,10.4,2.59,rich
0,5400,81200,6.7,3.26,rich
0,5500,81200,1.2,2.51,rich
0,6500,81200,-9.0,-2.61,cheap
0,4000,81500,27.2,2.4,rich
0,4500,81500,-67.0,-2.28,cheap
0,5300,81500,10.3,2.58,rich
0,5400,81500,6.4,3.23,rich
0,5500,81500,1.9,2.62,rich
0,6500,81500,-9.0,-2.61,cheap
0,5400,82600,-1.3,2.2,cheap
0,6000,82600,3.2,2.21,rich
0,5400,83100,0.4,2.43,rich
0,6000,83100,2.9,2.14,rich
0,4000,84000,26.9,2.39,rich
0,4500,84000,-65.8,-2.25,cheap
0,5300,84000,10.1,2.54,rich
0,5400,84000,6.6,3.25,rich
0,5500,84000,1.7,2.58,rich
0,6500,84000,-9.4,-2.65,cheap
0,4000,86400,27.9,2.44,rich
0,4500,86400,-68.8,-2.31,cheap
0,5300,86400,10.3,2.57,rich
0,5400,86400,6.2,3.2,rich
0,5500,86400,1.0,2.5,rich
0,6500,86400,-9.6,-2.68,cheap
0,5400,92000,-2.2,2.08,cheap
0,5400,92100,-2.1,2.1,cheap
0,6000,92100,4.3,2.42,rich
0,5400,93300,-2.0,2.11,cheap
0,5000,93500,-13.5,-2.59,cheap
0,5400,93500,1.7,2.6,rich
0,5500,93500,0.8,2.47,rich
0,6000,93500,8.4,3.23,rich
0,5400,93700,-1.9,2.12,cheap
0,6000,93700,4.3,2.43,rich
0,5400,93900,-1.7,2.16,cheap
0,5400,95200,-1.9,2.13,cheap
0,5400,97400,-2.5,2.05,cheap
0,5400,98200,-2.6,2.03,cheap
0,5000,98300,-12.9,-2.52,cheap
0,5100,98300,-7.6,-2.07,cheap
0,5400,98300,1.3,2.55,rich
0,5500,98300,-1.2,2.19,cheap
0,6000,98300,8.3,3.21,rich
0,5000,98600,-14.0,-2.64,cheap
0,5400,98600,1.4,2.56,rich
0,5500,98600,-0.9,2.23,cheap
0,6000,98600,8.4,3.23,rich
0,5400,99700,-0.7,2.29,cheap
0,6000,99700,4.6,2.48,rich
0,5400,102000,-0.6,2.3,cheap
0,6000,102000,4.6,2.49,rich
0,6000,104200,4.4,2.44,rich
0,5400,105200,-2.5,2.04,cheap
0,6000,105200,4.2,2.41,rich
0,5400,105300,-2.0,2.11,cheap
0,5400,105600,-1.2,2.22,cheap
0,6000,105600,4.8,2.52,rich
0,5400,106200,-1.9,2.13,cheap
0,6000,108300,2.2,2.01,rich
0,6000,108400,2.2,2.01,rich
0,5400,109000,-2.2,2.09,cheap
0,6000,109000,2.5,2.07,rich
0,5400,109400,-2.2,2.09,cheap
0,6000,109400,2.5,2.07,rich
0,5400,110000,-2.8,2.01,cheap
0,6000,110000,5.3,2.62,rich
0,6000,111000,4.1,2.4,rich
0,6000,111300,5.3,2.61,rich
0,6000,112900,2.6,2.1,rich
0,5000,113200,-11.5,-2.35,cheap
0,5400,113200,-0.9,2.26,cheap
0,5500,113200,0.1,2.37,rich
0,6000,113200,9.5,3.45,rich
0,6000,113600,5.3,2.62,rich
0,5000,114200,-13.3,-2.57,cheap
0,5400,114200,-0.7,2.29,cheap
0,5500,114200,0.1,2.37,rich
0,6000,114200,9.3,3.4,rich
0,4000,115100,27.2,2.41,rich
0,4500,115100,-67.3,-2.28,cheap
0,5300,115100,8.5,2.28,rich
0,5400,115100,4.2,2.94,rich
0,5500,115100,1.2,2.52,rich
0,6500,115100,-10.1,-2.73,cheap
0,4000,115700,27.1,2.4,rich
0,4500,115700,-67.0,-2.27,cheap
0,5300,115700,8.7,2.31,rich
0,5400,115700,4.3,2.95,rich
0,5500,115700,-0.0,2.35,cheap
0,6500,115700,-10.1,-2.73,cheap
0,4000,116800,27.3,2.41,rich
0,4500,116800,-67.3,-2.28,cheap
0,5300,116800,9.5,2.45,rich
0,5400,116800,3.5,2.84,rich
0,5500,116800,1.7,2.58,rich
0,6500,116800,-10.2,-2.74,cheap
0,6000,117200,2.8,2.14,rich
0,6000,118400,4.3,2.43,rich
0,4000,119100,27.3,2.41,rich
0,4500,119100,-67.3,-2.28,cheap
0,5300,119100,9.8,2.5,rich
0,5400,119100,3.9,2.89,rich
0,5500,119100,1.0,2.49,rich
0,6500,119100,-10.1,-2.73,cheap
0,6000,119200,2.8,2.14,rich
0,6000,119900,2.7,2.12,rich
0,6000,121100,2.9,2.15,rich
0,6000,121300,3.0,2.17,rich
0,5400,121500,-2.5,2.04,cheap
0,6000,121500,5.3,2.62,rich
0,6000,121900,2.6,2.1,rich
0,6000,122200,2.4,2.05,rich
0,5500,122800,-2.3,2.03,cheap
0,6000,122800,4.5,2.47,rich
0,5400,127600,-2.7,2.01,cheap
0,6000,127600,4.3,2.42,rich
0,5400,129800,-2.6,2.03,cheap
0,6000,129800,4.0,2.37,rich
0,5400,130400,-2.2,2.08,cheap
0,6000,130400,3.9,2.36,rich
0,5400,131200,-1.3,2.2,cheap
0,6000,131200,4.0,2.37,rich
0,5400,132500,-1.3,2.2,cheap
0,5500,132500,-1.6,2.13,cheap
0,6000,132500,3.3,2.23,rich
0,5000,133300,-13.6,-2.6,cheap
0,5400,133300,-0.6,2.3,cheap
0,5500,133300,1.6,2.57,rich
0,6000,133300,7.9,3.13,rich
0,5400,138900,-2.8,2.01,cheap
0,6000,138900,2.8,2.13,rich
0,6000,139000,2.6,2.1,rich
0,5400,139900,-2.8,2.01,cheap
0,6000,139900,2.8,2.13,rich
0,6000,140400,2.6,2.1,rich
0,5400,140500,-1.9,2.12,cheap
0,6000,140500,5.2,2.59,rich
0,5400,141600,-1.6,2.17,cheap
0,5500,141600,-1.3,2.17,cheap
0,6000,141600,5.0,2.57,rich
0,6000,145100,5.1,2.58,rich
0,5400,145200,-2.8,2.0,cheap
0,6000,145200,5.3,2.62,rich
0,5400,145600,-2.6,2.03,cheap
0,6000,145600,4.9,2.55,rich
0,6000,145700,2.8,2.14,rich
0,6000,146100,2.7,2.12,rich
0,5400,146400,-1.5,2.18,cheap
0,6000,146400,4.9,2.55,rich
0,5400,148400,-1.9,2.13,cheap
0,6000,148400,5.2,2.61,rich
0,6000,148800,4.2,2.42,rich
0,6000,149400,5.3,2.62,rich
0,6000,149700,2.6,2.1,rich
0,6000,149800,2.7,2.12,rich
0,5400,150200,-2.8,2.01,cheap
0,6000,150200,2.5,2.07,rich
0,5400,153500,-1.6,2.16,cheap
0,5500,153500,-1.5,2.14,cheap
0,6000,153500,4.3,2.43,rich
0,4000,156800,26.7,2.38,rich
0,4500,156800,-65.5,-2.24,cheap
0,5300,156800,10.2,2.55,rich
0,5400,156800,4.6,2.98,rich
0,5500,156800,1.8,2.6,rich
0,6500,156800,-9.6,-2.67,cheap
0,4000,157500,26.7,2.38,rich
0,4500,157500,-65.7,-2.25,cheap
0,5300,157500,9.3,2.42,rich
0,5400,157500,5.2,3.06,rich
0,5500,157500,1.3,2.54,rich
0,6500,157500,-9.5,-2.66,cheap
0,6000,157800,3.8,2.32,rich
0,4000,158700,26.8,2.39,rich
0,4500,158700,-66.0,-2.25,cheap
0,5300,158700,9.7,2.47,rich
0,5400,158700,4.1,2.93,rich
0,5500,158700,2.6,2.71,rich
0,6500,158700,-9.5,-2.66,cheap
0,4000,159400,26.8,2.39,rich
0,4500,159400,-66.3,-2.26,cheap
0,5300,159400,9.8,2.49,rich
0,5400,159400,4.9,3.02,rich
0,5500,159400,1.5,2.55,rich
0,6500,159400,-9.2,-2.63,cheap
0,4000,159500,26.8,2.39,rich
0,4500,159500,-66.3,-2.26,cheap
0,5300,159500,9.8,2.49,rich
0,5400,159500,4.9,3.02,rich
0,5500,159500,1.5,2.55,rich
0,6500,159500,-9.2,-2.63,cheap
0,5000,159600,-13.8,-2.62,cheap
0,5400,159600,-0.1,2.36,cheap
0,5500,159600,0.4,2.41,rich
0,6000,159600,7.8,3.11,rich
0,4000,160000,26.8,2.39,rich
0,4500,160000,-66.5,-2.26,cheap
0,5300,160000,9.9,2.5,rich
0,5400,160000,4.3,2.95,rich
0,5500,160000,1.0,2.5,rich
0,6500,160000,-9.1,-2.62,cheap
0,4000,161800,26.8,2.39,rich
0,4500,161800,-66.5,-2.26,cheap
0,5300,161800,9.9,2.5,rich
0,5400,161800,4.3,2.95,rich
0,5500,161800,1.0,2.5,rich
0,6500,161800,-9.1,-2.62,cheap
0,4000,163700,26.8,2.39,rich
0,4500,163700,-66.8,-2.27,cheap
0,5300,163700,10.3,2.57,rich
0,5400,163700,4.6,2.99,rich
0,5500,163700,0.4,2.41,rich
0,6500,163700,-8.9,-2.6,cheap
0,5000,164300,-14.7,-2.72,cheap
0,5400,164300,-0.4,2.32,cheap
0,5500,164300,0.3,2.4,rich
0,6000,164300,8.0,3.14,rich
0,4000,164400,26.8,2.39,rich
0,4500,164400,-66.3,-2.26,cheap
0,5300,164400,9.8,2.49,rich
0,5400,164400,4.9,3.03,rich
0,5500,164400,1.5,2.56,rich
0,6500,164400,-9.2,-2.63,cheap
0,4000,164700,26.8,2.38,rich
0,4500,164700,-66.5,-2.26,cheap
0,5300,164700,9.5,2.44,rich
0,5400,164700,5.3,3.08,rich
0,5500,164700,1.0,2.49,rich
0,6500,164700,-9.1,-2.62,cheap
0,4000,165400,26.8,2.39,rich
0,4500,165400,-66.4,-2.26,cheap
0,5300,165400,9.8,2.49,rich
0,5400,165400,4.9,3.03,rich
0,5500,165400,1.5,2.56,rich
0,6500,165400,-9.2,-2.63,cheap
0,4000,166400,26.8,2.39,rich
0,4500,166400,-66.8,-2.27,cheap
0,5300,166400,10.3,2.57,rich
0,5400,166400,4.6,2.99,rich
0,5500,166400,0.4,2.41,rich
0,6500,166400,-8.9,-2.6,cheap
0,4000,168700,26.8,2.39,rich
0,4500,168700,-66.5,-2.26,cheap
0,5300,168700,10.1,2.54,rich
0,5400,168700,4.5,2.97,rich
0,5500,168700,1.2,2.52,rich
0,6500,168700,-9.2,-2.63,cheap
0,4000,168800,26.8,2.39,rich
0,4500,168800,-66.5,-2.26,cheap
0,5300,168800,10.1,2.54,rich
0,5400,168800,4.5,2.97,rich
0,5500,168800,1.2,2.52,rich
0,6500,168800,-9.2,-2.63,cheap
0,6000,169200,3.7,2.31,rich
0,6000,169600,3.6,2.28,rich
0,5400,170700,-1.8,2.14,cheap
0,6000,170700,4.0,2.36,rich
0,5400,171200,-2.0,2.11,cheap
0,6000,171200,3.1,2.2,rich
0,4000,172800,26.9,2.39,rich
0,4500,172800,-66.5,-2.26,cheap
0,5300,172800,10.6,2.62,rich
0,5400,172800,4.8,3.01,rich
0,5500,172800,1.4,2.54,rich
0,6500,172800,-9.2,-2.63,cheap
0,5000,176800,-12.8,-2.51,cheap
0,5400,176800,-1.7,2.16,cheap
0,5500,176800,-0.2,2.32,cheap
0,6000,176800,8.4,3.22,rich
0,5400,179100,-2.7,2.02,cheap
0,6000,179100,5.1,2.58,rich
0,6000,180400,4.8,2.53,rich
0,5400,184400,-2.8,2.0,cheap
0,6000,184400,5.1,2.58,rich
0,6000,185800,4.6,2.48,rich
0,5500,190500,-2.4,2.01,cheap
0,6000,190500,5.5,2.66,rich
0,6000,190600,4.6,2.48,rich
0,6000,192600,2.5,2.08,rich
0,6000,197500,3.1,2.19,rich
0,6000,197600,5.5,2.65,rich
0,6000,197700,3.1,2.18,rich
0,6000,198800,4.6,2.48,rich
0,6000,199800,4.5,2.46,rich
0,6000,200100,4.8,2.52,rich
0,5500,201800,-2.2,2.05,cheap
0,6000,201800,4.9,2.55,rich
0,6000,202500,2.6,2.1,rich
0,6000,202700,2.5,2.08,rich
0,6000,203600,6.3,2.82,rich
0,6000,204900,3.0,2.16,rich
0,6000,207600,3.0,2.17,rich
0,5000,207800,-13.3,-2.56,cheap
0,5400,207800,-2.4,2.06,cheap
0,5500,207800,-1.8,2.1,cheap
0,6000,207800,9.4,3.41,rich
0,6000,209100,2.9,2.15,rich
0,6000,209200,6.1,2.77,rich
0,6000,209300,2.9,2.16,rich
0,6000,209400,2.9,2.16,rich
0,6000,209900,2.7,2.12,rich
0,6000,210000,5.9,2.73,rich
0,6000,210900,2.5,2.08,rich
0,5000,211300,-12.8,-2.51,cheap
0,5100,211300,-7.1,-2.01,cheap
0,5400,211300,-2.5,2.05,cheap
0,5500,211300,-1.6,2.12,cheap
0,6000,211300,10.4,3.62,rich
0,6000,211700,4.3,2.43,rich
0,6000,212000,3.1,2.19,rich
0,6000,212700,3.4,2.25,rich
0,6000,213200,3.3,2.24,rich
0,6000,213400,4.7,2.5,rich
0,6000,213600,6.5,2.86,rich
0,6000,213900,3.3,2.23,rich
0,6000,214100,3.3,2.24,rich
0,4000,214500,27.4,2.41,rich
0,4500,214500,-67.6,-2.29,cheap
0,5300,214500,9.4,2.43,rich
0,5400,214500,2.3,2.68,rich
0,5500,214500,2.0,2.63,rich
0,6500,214500,-10.4,-2.75,cheap
0,6000,215700,3.1,2.19,rich
0,6000,216300,3.1,2.19,rich
0,6000,216500,3.1,2.19,rich
0,6000,218200,6.6,2.88,rich
0,4000,218300,27.3,2.41,rich
0,4500,218300,-67.7,-2.29,cheap
0,5300,218300,8.9,2.35,rich
0,5400,218300,2.0,2.64,rich
0,5500,218300,1.8,2.6,rich
0,6500,218300,-10.2,-2.74,cheap
0,6000,218400,5.9,2.73,rich
0,6000,219500,3.0,2.18,rich
0,6000,220200,5.5,2.66,rich
0,6000,220400,2.9,2.16,rich
0,6000,220800,5.5,2.66,rich
0,6000,221500,3.1,2.19,rich
0,6000,222000,5.7,2.7,rich
0,6000,222800,3.0,2.18,rich
0,6000,224800,5.5,2.67,rich
0,5000,226300,-13.8,-2.62,cheap
0,5400,226300,-2.8,2.01,cheap
0,5500,226300,1.5,2.56,rich
0,6000,226300,9.3,3.4,rich
0,6000,227300,5.7,2.7,rich
0,6000,229100,3.0,2.17,rich
0,6000,229300,5.9,2.73,rich
0,5500,229500,-2.4,2.02,cheap
0,6000,229500,5.5,2.67,rich
0,6000,230700,2.2,2.02,rich
0,5000,235200,-12.6,-2.48,cheap
0,5400,235200,-2.4,2.06,cheap
0,5500,235200,0.0,2.35,rich
0,6000,235200,8.9,3.33,rich
0,6000,235500,5.6,2.69,rich
0,6000,237800,2.7,2.12,rich
0,6000,238400,3.0,2.16,rich
0,6000,239000,2.7,2.11,rich
0,6000,240600,2.3,2.04,rich
0,6000,240800,2.7,2.1,rich
0,6000,241300,5.2,2.6,rich
0,6000,243900,4.7,2.5,rich
0,6000,246400,5.1,2.58,rich
0,5000,247000,-12.7,-2.49,cheap
0,5500,247000,0.1,2.36,rich
0,6000,247000,8.7,3.28,rich
0,4000,251700,27.0,2.39,rich
0,4500,251700,-66.7,-2.27,cheap
0,5300,251700,10.4,2.59,rich
0,5400,251700,1.7,2.61,rich
0,5500,251700,2.7,2.73,rich
0,6500,251700,-9.4,-2.65,cheap
0,4000,252300,27.0,2.39,rich
0,4500,252300,-66.8,-2.27,cheap
0,5300,252300,10.1,2.54,rich
0,5400,252300,2.2,2.67,rich
0,5500,252300,2.2,2.66,rich
0,6500,252300,-9.3,-2.64,cheap
0,5000,252600,-13.3,-2.56,cheap
0,5500,252600,-0.4,2.3,cheap
0,6000,252600,7.9,3.14,rich
0,4000,252700,27.0,2.39,rich
0,4500,252700,-67.0,-2.28,cheap
0,5300,252700,10.1,2.55,rich
0,5400,252700,1.6,2.59,rich
0,5500,252700,1.8,2.6,rich
0,6500,252700,-9.1,-2.62,cheap
0,5500,253400,-2.1,2.06,cheap
0,6000,253400,3.6,2.29,rich
0,4000,254600,26.9,2.39,rich
0,4500,254600,-66.7,-2.27,cheap
0,5300,254600,10.7,2.65,rich
0,5400,254600,1.4,2.57,rich
0,5500,254600,2.5,2.7,rich
0,6500,254600,-9.3,-2.65,cheap
0,4000,254700,26.9,2.39,rich
0,4500,254700,-66.7,-2.27,cheap
0,5300,254700,10.7,2.65,rich
0,5400,254700,1.4,2.57,rich
0,5500,254700,2.5,2.7,rich
0,6500,254700,-9.3,-2.65,cheap
0,6000,257900,4.8,2.53,rich
0,6000,258400,4.4,2.44,rich
0,6000,259200,5.0,2.56,rich
0,5500,259300,-1.9,2.08,cheap
0,6000,259300,5.4,2.63,rich
0,4000,263100,26.7,2.38,rich
0,4500,263100,-66.2,-2.26,cheap
0,5300,263100,10.3,2.57,rich
0,5400,263100,2.4,2.69,rich
0,5500,263100,0.1,2.37,rich
0,6500,263100,-9.3,-2.64,cheap
0,6000,263200,4.7,2.51,rich
0,4000,263600,26.7,2.38,rich
0,4500,263600,-66.2,-2.26,cheap
0,5300,263600,10.3,2.57,rich
0,5400,263600,2.4,2.69,rich
0,5500,263600,0.1,2.37,rich
0,6500,263600,-9.3,-2.64,cheap
0,4000,264500,27.0,2.39,rich
0,4500,264500,-67.1,-2.28,cheap
0,5300,264500,10.2,2.55,rich
0,5400,264500,1.6,2.59,rich
0,5500,264500,1.8,2.6,rich
0,6500,264500,-9.2,-2.63,cheap
0,5000,265200,-14.2,-2.67,cheap
0,5400,265200,-2.6,2.03,cheap
0,5500,265200,-0.8,2.24,cheap
0,6000,265200,9.0,3.34,rich
0,4000,265700,26.9,2.39,rich
0,4500,265700,-66.5,-2.26,cheap
0,5200,265700,12.5,2.0,rich
0,5300,265700,10.2,2.57,rich
0,5400,265700,1.7,2.6,rich
0,5500,265700,1.6,2.58,rich
0,6500,265700,-9.4,-2.65,cheap
0,4000,267000,26.8,2.38,rich
0,4500,267000,-66.4,-2.26,cheap
0,5200,267000,12.6,2.02,rich
0,5300,267000,9.5,2.44,rich
0,5400,267000,1.8,2.62,rich
0,5500,267000,1.8,2.59,rich
0,6500,267000,-9.4,-2.65,cheap
0,6000,267200,4.4,2.45,rich
0,5500,270100,-1.7,2.11,cheap
0,6000,270100,3.7,2.31,rich
0,4000,270900,27.0,2.4,rich
0,4500,270900,-66.7,-2.27,cheap
0,5200,270900,13.0,2.08,rich
0,5300,270900,10.2,2.56,rich
0,5400,270900,1.0,2.51,rich
0,5500,270900,3.1,2.78,rich
0,6500,270900,-9.5,-2.66,cheap
0,4000,273300,27.0,2.39,rich
0,4500,273300,-67.1,-2.28,cheap
0,5300,273300,10.7,2.64,rich
0,5400,273300,1.5,2.58,rich
0,5500,273300,1.8,2.59,rich
0,6500,273300,-9.2,-2.63,cheap
0,4000,273800,27.0,2.39,rich
0,4500,273800,-67.0,-2.27,cheap
0,5200,273800,12.5,2.0,rich
0,5300,273800,9.6,2.46,rich
0,5400,273800,1.9,2.63,rich
0,5500,273800,2.1,2.64,rich
0,6500,273800,-9.3,-2.64,cheap
0,4000,274900,27.0,2.4,rich
0,4500,274900,-66.8,-2.27,cheap
0,5300,274900,10.3,2.57,rich
0,5400,274900,2.4,2.69,rich
0,5500,274900,2.4,2.68,rich
0,6500,274900,-9.4,-2.65,cheap
0,5000,275100,-14.7,-2.73,cheap
0,5500,275100,0.8,2.46,rich
0,6000,275100,8.4,3.22,rich
0,4000,276000,27.0,2.39,rich
0,4500,276000,-67.0,-2.27,cheap
0,5200,276000,12.5,2.0,rich
0,5300,276000,9.6,2.46,rich
0,5400,276000,1.9,2.63,rich
0,5500,276000,2.1,2.64,rich
0,6500,276000,-9.3,-2.64,cheap
0,5000,276200,-8.6,-2.03,cheap
0,6000,276200,4.2,2.41,rich
0,4000,276700,27.1,2.4,rich
0,4500,276700,-67.0,-2.28,cheap
0,5300,276700,10.2,2.56,rich
0,5400,276700,2.4,2.7,rich
0,5500,276700,1.6,2.57,rich
0,6500,276700,-9.3,-2.64,cheap
0,4000,277100,27.1,2.4,rich
0,4500,277100,-67.0,-2.28,cheap
0,5300,277100,10.2,2.56,rich
0,5400,277100,2.4,2.7,rich
0,5500,277100,1.6,2.57,rich
0,6500,277100,-9.3,-2.64,cheap
0,4000,278000,27.0,2.39,rich
0,4500,278000,-67.0,-2.28,cheap
0,5200,278000,12.5,2.0,rich
0,5300,278000,9.6,2.46,rich
0,5400,278000,1.9,2.63,rich
0,5500,278000,2.1,2.64,rich
0,6500,278000,-9.3,-2.64,cheap
0,4000,278100,27.0,2.39,rich
0,4500,278100,-67.0,-2.28,cheap
0,5200,278100,12.5,2.0,rich
0,5300,278100,9.6,2.46,rich
0,5400,278100,1.9,2.63,rich
0,5500,278100,2.1,2.64,rich
0,6500,278100,-9.3,-2.64,cheap
0,6000,280800,5.4,2.64,rich
0,4000,282300,26.8,2.39,rich
0,4500,282300,-66.2,-2.26,cheap
0,5300,282300,10.1,2.54,rich
0,5400,282300,1.6,2.59,rich
0,5500,282300,2.5,2.7,rich
0,6500,282300,-9.6,-2.68,cheap
0,4000,282900,26.7,2.38,rich
0,4500,282900,-65.7,-2.25,cheap
0,5200,282900,13.1,2.11,rich
0,5300,282900,9.7,2.48,rich
0,5400,282900,2.0,2.65,rich
0,5500,282900,1.7,2.59,rich
0,6500,282900,-9.8,-2.69,cheap
0,6000,283400,2.3,2.05,rich
0,4000,288100,26.7,2.38,rich
0,4500,288100,-66.1,-2.25,cheap
0,5200,288100,12.6,2.02,rich
0,5300,288100,10.0,2.53,rich
0,5400,288100,2.2,2.67,rich
0,5500,288100,0.9,2.48,rich
0,6500,288100,-9.6,-2.67,cheap
0,4000,288200,26.8,2.38,rich
0,4500,288200,-66.2,-2.26,cheap
0,5300,288200,9.3,2.42,rich
0,5400,288200,1.7,2.61,rich
0,5500,288200,2.7,2.72,rich
0,6500,288200,-9.6,-2.68,cheap
0,4000,289900,27.0,2.39,rich
0,4500,289900,-66.9,-2.27,cheap
0,5300,289900,9.3,2.41,rich
0,5400,289900,1.7,2.6,rich
0,5500,289900,2.8,2.74,rich
0,6500,289900,-9.4,-2.65,cheap
0,6000,291400,4.7,2.51,rich
0,5000,293800,-8.8,-2.04,cheap
0,6000,293800,4.4,2.46,rich
0,6000,294100,4.4,2.45,rich
0,5000,294200,-13.8,-2.63,cheap
0,5500,294200,-0.8,2.24,cheap
0,6000,294200,9.5,3.43,rich
0,4000,295600,27.1,2.4,rich
0,4500,295600,-67.0,-2.27,cheap
0,5300,295600,9.7,2.47,rich
0,5400,295600,1.9,2.63,rich
0,5500,295600,2.9,2.75,rich
0,6500,295600,-9.5,-2.66,cheap
0,4000,296800,27.1,2.4,rich
0,4500,296800,-67.0,-2.27,cheap
0,5300,296800,11.1,2.7,rich
0,5400,296800,1.8,2.62,rich
0,5500,296800,2.1,2.64,rich
0,6500,296800,-9.4,-2.65,cheap
0,4000,297300,27.0,2.4,rich
0,4500,297300,-67.1,-2.28,cheap
0,5300,297300,10.3,2.58,rich
0,5400,297300,1.2,2.53,rich
0,5500,297300,2.4,2.68,rich
0,6500,297300,-9.3,-2.64,cheap
0,6000,297900,4.2,2.4,rich
0,4000,298200,27.1,2.4,rich
0,4500,298200,-66.8,-2.27,cheap
0,5300,298200,10.1,2.54,rich
0,5400,298200,2.4,2.69,rich
0,5500,298200,2.5,2.69,rich
0,6500,298200,-9.5,-2.66,cheap
0,5000,298500,-13.6,-2.59,cheap
0,5500,298500,0.0,2.36,rich
0,6000,298500,8.4,3.22,rich
0,5000,299000,-9.0,-2.07,cheap
0,6000,299000,3.8,2.33,rich
0,5500,302100,-1.9,2.09,cheap
0,6000,302100,2.8,2.14,rich
0,4000,302600,27.4,2.42,rich
0,4500,302600,-67.9,-2.29,cheap
0,5300,302600,10.6,2.62,rich
0,5400,302600,1.5,2.58,rich
0,5500,302600,3.1,2.77,rich
0,6500,302600,-9.2,-2.63,cheap
0,4000,303900,27.2,2.4,rich
0,4500,303900,-67.2,-2.28,cheap
0,5300,303900,11.0,2.69,rich
0,5400,303900,1.9,2.63,rich
0,5500,303900,1.3,2.53,rich
0,6500,303900,-9.3,-2.64,cheap
0,5000,304200,-8.7,-2.03,cheap
0,6000,304200,4.6,2.49,rich
0,5000,305100,-9.0,-2.07,cheap
0,6000,305100,4.4,2.46,rich
0,5000,306100,-8.5,-2.01,cheap
0,6000,306100,3.9,2.34,rich
0,4000,306500,27.1,2.4,rich
0,4500,306500,-67.3,-2.28,cheap
0,5300,306500,10.2,2.56,rich
0,5400,306500,1.2,2.54,rich
0,5500,306500,1.6,2.57,rich
0,6500,306500,-9.2,-2.63,cheap
0,4000,306900,27.2,2.4,rich
0,4500,306900,-67.1,-2.28,cheap
0,5300,306900,10.7,2.65,rich
0,5400,306900,2.3,2.68,rich
0,5500,306900,1.5,2.57,rich
0,6500,306900,-9.4,-2.65,cheap
0,4000,307400,27.2,2.4,rich
0,4500,307400,-67.2,-2.28,cheap
0,5300,307400,11.0,2.69,rich
0,5400,307400,1.9,2.63,rich
0,5500,307400,1.3,2.53,rich
0,6500,307400,-9.3,-2.64,cheap
0,4000,308200,27.2,2.4,rich
0,4500,308200,-67.5,-2.29,cheap
0,5300,308200,11.2,2.73,rich
0,5400,308200,2.0,2.65,rich
0,5500,308200,0.5,2.42,rich
0,6500,308200,-9.1,-2.62,cheap
0,4000,310700,27.2,2.4,rich
0,4500,310700,-67.6,-2.29,cheap
0,5300,310700,11.2,2.73,rich
0,5400,310700,2.0,2.65,rich
0,5500,310700,0.5,2.42,rich
0,6500,310700,-9.1,-2.62,cheap
0,4000,310900,27.2,2.4,rich
0,4500,310900,-67.6,-2.29,cheap
0,5300,310900,11.2,2.73,rich
0,5400,310900,2.0,2.65,rich
0,5500,310900,0.5,2.42,rich
0,6500,310900,-9.1,-2.62,cheap
0,4000,314300,27.4,2.42,rich
0,4500,314300,-68.4,-2.3,cheap
0,5300,314300,11.1,2.7,rich
0,5400,314300,1.3,2.54,rich
0,5500,314300,2.0,2.63,rich
0,6500,314300,-8.9,-2.6,cheap
0,6000,314600,3.8,2.33,rich
0,4000,315000,27.5,2.42,rich
0,4500,315000,-68.3,-2.3,cheap
0,5300,315000,10.8,2.66,rich
0,5400,315000,1.6,2.6,rich
0,5500,315000,2.3,2.67,rich
0,6500,315000,-9.0,-2.61,cheap
0,4000,315400,27.2,2.41,rich
0,4500,315400,-67.7,-2.29,cheap
0,5300,315400,10.6,2.62,rich
0,5400,315400,2.8,2.74,rich
0,5500,315400,0.2,2.38,rich
0,6500,315400,-9.1,-2.62,cheap
0,6000,315500,3.3,2.23,rich
0,6000,317200,2.9,2.15,rich
0,5000,319200,-14.7,-2.73,cheap
0,5500,319200,-0.9,2.22,cheap
0,6000,319200,7.2,3.0,rich
0,6000,320900,3.0,2.17,rich
0,6000,321200,4.4,2.44,rich
0,5000,322700,-8.5,-2.01,cheap
0,6000,322700,3.1,2.19,rich
0,5000,323100,-10.0,-2.18,cheap
0,6000,323100,3.4,2.24,rich
0,6000,323400,3.8,2.34,rich
0,5000,323900,-8.5,-2.01,cheap
0,6000,323900,3.6,2.29,rich
0,4000,324700,27.2,2.41,rich
0,4500,324700,-68.1,-2.3,cheap
0,5200,324700,12.7,2.05,rich
0,5300,324700,10.8,2.66,rich
0,5400,324700,1.8,2.61,rich
0,5500,324700,-0.5,2.28,cheap
0,6500,324700,-8.8,-2.59,cheap
0,5000,329500,-8.7,-2.03,cheap
0,6000,329500,3.6,2.28,rich
0,5000,334700,-14.0,-2.65,cheap
0,5500,334700,-0.4,2.29,cheap
0,6000,334700,7.6,3.08,rich
0,6000,336800,3.6,2.28,rich
0,4000,337100,27.5,2.42,rich
0,4500,337100,-68.4,-2.31,cheap
0,5200,337100,13.1,2.1,rich
0,5300,337100,10.2,2.56,rich
0,5400,337100,0.7,2.47,rich
0,5500,337100,2.5,2.7,rich
0,6500,337100,-9.0,-2.61,cheap
0,4000,342000,27.2,2.4,rich
0,4500,342000,-67.7,-2.29,cheap
0,5200,342000,12.8,2.05,rich
0,5300,342000,10.9,2.68,rich
0,5400,342000,0.8,2.48,rich
0,5500,342000,0.6,2.43,rich
0,6500,342000,-9.0,-2.61,cheap
0,4000,342600,27.1,2.4,rich
0,4500,342600,-67.3,-2.28,cheap
0,5200,342600,12.8,2.05,rich
0,5300,342600,9.7,2.48,rich
0,5400,342600,1.1,2.53,rich
0,5500,342600,1.7,2.59,rich
0,6500,342600,-9.3,-2.64,cheap
0,4000,343000,27.2,2.41,rich
0,4500,343000,-67.3,-2.28,cheap
0,5200,343000,13.6,2.18,rich
0,5300,343000,10.1,2.55,rich
0,5400,343000,1.3,2.55,rich
0,5500,343000,1.8,2.6,rich
0,6500,343000,-9.4,-2.65,cheap
0,4000,345700,27.3,2.41,rich
0,4500,345700,-67.9,-2.29,cheap
0,5200,345700,12.5,2.01,rich
0,5300,345700,10.7,2.64,rich
0,5400,345700,0.5,2.44,rich
0,5500,345700,2.2,2.66,rich
0,6500,345700,-9.2,-2.63,cheap
0,6000,348800,3.3,2.22,rich
0,5500,349400,-0.8,2.23,cheap
0,6000,349400,2.4,2.05,rich
0,6000,350300,3.2,2.2,rich
0,6000,353900,2.4,2.06,rich
0,5000,355800,-15.6,-2.83,cheap
0,5500,355800,1.0,2.49,rich
0,6000,355800,6.8,2.91,rich
0,5000,357700,-8.9,-2.06,cheap
0,5500,360200,-2.2,2.05,cheap
0,4000,361400,26.8,2.39,rich
0,4500,361400,-67.4,-2.28,cheap
0,5300,361400,9.9,2.51,rich
0,5400,361400,0.8,2.49,rich
0,5500,361400,2.3,2.67,rich
0,6500,361400,-7.9,-2.5,cheap
0,5000,362600,-10.5,-2.24,cheap
0,5500,362600,-1.9,2.09,cheap
0,5500,365400,-2.3,2.03,cheap
0,5500,365500,-2.3,2.03,cheap
0,4000,367000,26.9,2.39,rich
0,4500,367000,-66.8,-2.27,cheap
0,5200,367000,12.6,2.03,rich
0,5300,367000,10.9,2.67,rich
0,5400,367000,1.2,2.53,rich
0,5500,367000,2.8,2.74,rich
0,6500,367000,-8.3,-2.54,cheap
0,5000,367100,-9.2,-2.09,cheap
0,5500,367100,-1.6,2.13,cheap
0,6000,367100,2.4,2.06,rich
0,4000,367400,27.0,2.39,rich
0,4500,367400,-67.3,-2.28,cheap
0,5200,367400,12.5,2.01,rich
0,5300,367400,10.7,2.64,rich
0,5400,367400,0.9,2.49,rich
0,5500,367400,3.3,2.81,rich
0,6500,367400,-8.2,-2.53,cheap
0,5000,367900,-14.9,-2.75,cheap
0,5500,367900,1.9,2.61,rich
0,6000,367900,6.8,2.92,rich
0,5500,370500,-2.1,2.07,cheap
0,6000,372300,2.5,2.07,rich
0,5000,373300,-15.8,-2.86,cheap
0,5500,373300,2.5,2.69,rich
0,6000,373300,6.5,2.86,rich
0,4000,377100,27.1,2.4,rich
0,4500,377100,-67.3,-2.28,cheap
0,5200,377100,13.1,2.11,rich
0,5300,377100,11.1,2.71,rich
0,5400,377100,1.2,2.54,rich
0,5500,377100,2.9,2.75,rich
0,6500,377100,-8.3,-2.53,cheap
0,5000,379500,-14.7,-2.73,cheap
0,5500,379500,0.0,2.36,rich
0,6000,379500,6.9,2.93,rich
0,6000,384500,2.3,2.04,rich
0,5000,384900,-14.1,-2.65,cheap
0,5500,384900,-0.1,2.34,cheap
0,6000,384900,7.2,2.99,rich
0,5000,386100,-9.0,-2.07,cheap
0,6000,386100,4.0,2.38,rich
0,6000,388300,2.5,2.07,rich
0,5000,388900,-12.8,-2.51,cheap
0,5500,388900,0.2,2.38,rich
0,6000,388900,8.0,3.14,rich
0,6000,396900,4.0,2.37,rich
0,5500,398200,-2.4,2.02,cheap
0,6000,398200,3.1,2.19,rich
0,4000,400100,27.6,2.43,rich
0,4500,400100,-68.8,-2.31,cheap
0,5200,400100,12.6,2.02,rich
0,5300,400100,10.2,2.56,rich
0,5400,400100,0.1,2.39,rich
0,5500,400100,3.0,2.76,rich
0,6500,400100,-9.1,-2.62,cheap
0,5000,400900,-13.5,-2.59,cheap
0,5500,400900,0.5,2.43,rich
0,6000,400900,6.7,2.9,rich
0,6000,403800,4.2,2.4,rich
0,6000,407800,3.3,2.23,rich
0,6000,408600,2.7,2.11,rich
0,6000,417000,3.8,2.33,rich
0,5000,420200,-8.7,-2.04,cheap
0,6000,420200,3.6,2.3,rich
0,6000,421900,3.2,2.21,rich
0,6000,424400,3.2,2.22,rich
0,4000,427900,27.4,2.41,rich
0,4500,427900,-68.5,-2.31,cheap
0,5200,427900,12.8,2.05,rich
0,5300,427900,10.0,2.52,rich
0,5400,427900,1.4,2.56,rich
0,5500,427900,0.2,2.38,rich
0,6500,427900,-9.0,-2.61,cheap
0,4000,428000,27.4,2.41,rich
0,4500,428000,-68.5,-2.31,cheap
0,5200,428000,12.8,2.05,rich
0,5300,428000,10.0,2.52,rich
0,5400,428000,1.4,2.56,rich
0,5500,428000,0.2,2.38,rich
0,6500,428000,-9.0,-2.61,cheap
0,4000,429000,27.5,2.42,rich
0,4500,429000,-68.2,-2.3,cheap
0,5200,429000,13.5,2.17,rich
0,5300,429000,10.8,2.66,rich
0,5400,429000,0.7,2.46,rich
0,5500,429000,1.4,2.54,rich
0,6500,429000,-9.4,-2.65,cheap
0,4000,429500,27.2,2.41,rich
0,4500,429500,-67.5,-2.29,cheap
0,5200,429500,13.1,2.1,rich
0,5300,429500,10.5,2.61,rich
0,5400,429500,0.5,2.45,rich
0,5500,429500,1.1,2.51,rich
0,6500,429500,-9.5,-2.66,cheap
0,6000,429700,4.8,2.52,rich
0,4000,429800,27.2,2.4,rich
0,4500,429800,-67.4,-2.28,cheap
0,5200,429800,14.2,2.28,rich
0,5300,429800,11.2,2.73,rich
0,5400,429800,1.0,2.51,rich
0,5500,429800,-0.6,2.27,cheap
0,6500,429800,-9.4,-2.66,cheap
0,6000,430000,4.1,2.4,rich
0,6000,430200,4.8,2.52,rich
0,4000,430600,27.2,2.41,rich
0,4500,430600,-67.5,-2.29,cheap
0,5200,430600,13.1,2.1,rich
0,5300,430600,10.5,2.61,rich
0,5400,430600,0.5,2.45,rich
0,5500,430600,1.1,2.51,rich
0,6500,430600,-9.5,-2.66,cheap
0,4000,430900,27.2,2.41,rich
0,4500,430900,-67.5,-2.29,cheap
0,5200,430900,13.1,2.1,rich
0,5300,430900,10.5,2.61,rich
0,5400,430900,0.5,2.45,rich
0,5500,430900,1.1,2.51,rich
0,6500,430900,-9.5,-2.66,cheap
0,4000,431700,27.4,2.41,rich
0,4500,431700,-67.7,-2.29,cheap
0,5200,431700,13.5,2.17,rich
0,5300,431700,10.5,2.61,rich
0,5400,431700,-0.2,2.36,cheap
0,5500,431700,2.6,2.71,rich
0,6500,431700,-9.6,-2.67,cheap
0,4000,431900,27.0,2.4,rich
0,4500,431900,-67.9,-2.29,cheap
0,5200,431900,13.8,2.22,rich
0,5300,431900,10.1,2.54,rich
0,5400,431900,-0.0,2.37,cheap
0,5500,431900,-0.6,2.27,cheap
0,6500,431900,-9.1,-2.62,cheap
0,6000,433100,5.6,2.67,rich
0,4000,433700,26.9,2.39,rich
0,4500,433700,-67.5,-2.28,cheap
0,5200,433700,14.6,2.34,rich
0,5300,433700,10.0,2.53,rich
0,5400,433700,-1.3,2.2,cheap
0,5500,433700,0.4,2.41,rich
0,6500,433700,-9.3,-2.64,cheap
0,4000,434300,26.9,2.39,rich
0,4500,434300,-67.4,-2.28,cheap
0,5200,434300,13.8,2.22,rich
0,5300,434300,9.8,2.49,rich
0,5400,434300,-0.9,2.26,cheap
0,5500,434300,0.7,2.45,rich
0,6500,434300,-9.3,-2.65,cheap
0,5000,436200,-8.8,-2.04,cheap
0,6000,436200,5.3,2.63,rich
0,4000,436500,27.0,2.39,rich
0,4500,436500,-67.4,-2.28,cheap
0,5200,436500,14.5,2.33,rich
0,5300,436500,9.9,2.51,rich
0,5400,436500,-0.6,2.29,cheap
0,5500,436500,0.0,2.35,rich
0,6500,436500,-9.3,-2.64,cheap
0,5000,438500,-9.2,-2.09,cheap
0,6000,438500,5.3,2.62,rich
0,4000,439100,26.9,2.39,rich
0,4500,439100,-67.5,-2.29,cheap
0,5200,439100,14.6,2.34,rich
0,5300,439100,10.0,2.53,rich
0,5400,439100,-1.3,2.2,cheap
0,5500,439100,0.4,2.41,rich
0,6500,439100,-9.3,-2.64,cheap
0,6000,439300,5.6,2.68,rich
0,4000,440800,26.9,2.39,rich
0,4500,440800,-67.6,-2.29,cheap
0,5200,440800,13.6,2.18,rich
0,5300,440800,9.4,2.44,rich
0,5400,440800,-0.4,2.33,cheap
0,5500,440800,0.2,2.37,rich
0,6500,440800,-9.2,-2.64,cheap
0,5000,440900,-12.9,-2.51,cheap
0,5500,440900,-1.2,2.19,cheap
0,6000,440900,9.4,3.42,rich
0,4000,441000,27.0,2.39,rich
0,4500,441000,-67.5,-2.29,cheap
0,5200,441000,13.7,2.19,rich
0,5300,441000,10.0,2.53,rich
0,5400,441000,-0.1,2.37,cheap
0,5500,441000,0.4,2.4,rich
0,6500,441000,-9.4,-2.65,cheap
0,4000,442000,26.9,2.39,rich
0,4500,442000,-67.2,-2.28,cheap
0,5200,442000,14.2,2.27,rich
0,5300,442000,9.2,2.39,rich
0,5400,442000,-0.6,2.3,cheap
0,5500,442000,1.0,2.49,rich
0,6500,442000,-9.5,-2.66,cheap
0,5000,442100,-13.3,-2.56,cheap
0,5500,442100,-1.0,2.22,cheap
0,6000,442100,9.4,3.43,rich
0,4000,442400,26.9,2.39,rich
0,4500,442400,-67.6,-2.29,cheap
0,5200,442400,13.6,2.18,rich
0,5300,442400,9.4,2.44,rich
0,5400,442400,-0.4,2.33,cheap
0,5500,442400,0.2,2.37,rich
0,6500,442400,-9.2,-2.64,cheap
0,5000,442900,-14.2,-2.67,cheap
0,5500,442900,-1.3,2.17,cheap
0,6000,442900,9.6,3.46,rich
0,4000,444100,27.0,2.39,rich
0,4500,444100,-67.5,-2.29,cheap
0,5200,444100,14.5,2.32,rich
0,5300,444100,9.7,2.48,rich
0,5400,444100,0.0,2.38,rich
0,5500,444100,-0.3,2.31,cheap
0,6500,444100,-9.3,-2.64,cheap
0,4000,444300,27.2,2.41,rich
0,4500,444300,-67.6,-2.29,cheap
0,5200,444300,14.0,2.24,rich
0,5300,444300,10.1,2.53,rich
0,5400,444300,0.3,2.41,rich
0,5500,444300,1.0,2.49,rich
0,6500,444300,-9.5,-2.66,cheap
0,6000,444500,4.9,2.53,rich
0,4000,445100,27.4,2.41,rich
0,4500,445100,-67.9,-2.3,cheap
0,5200,445100,13.3,2.13,rich
0,5300,445100,10.2,2.56,rich
0,5400,445100,0.3,2.42,rich
0,5500,445100,2.1,2.64,rich
0,6500,445100,-9.5,-2.66,cheap
0,4000,446100,26.9,2.39,rich
0,4500,446100,-67.7,-2.29,cheap
0,5200,446100,14.4,2.3,rich
0,5300,446100,9.7,2.48,rich
0,5400,446100,-0.8,2.27,cheap
0,5500,446100,-0.1,2.34,cheap
0,6500,446100,-9.2,-2.63,cheap
0,4000,446500,27.2,2.41,rich
0,4500,446500,-67.6,-2.29,cheap
0,5200,446500,15.0,2.41,rich
0,5300,446500,10.6,2.63,rich
0,5400,446500,-0.6,2.29,cheap
0,5500,446500,1.2,2.52,rich
0,6500,446500,-9.5,-2.66,cheap
0,6000,447100,4.4,2.45,rich
0,4000,447900,27.1,2.4,rich
0,4500,447900,-67.3,-2.28,cheap
0,5200,447900,14.7,2.36,rich
0,5300,447900,10.9,2.67,rich
0,5400,447900,0.2,2.41,rich
0,5500,447900,-0.1,2.33,cheap
0,6500,447900,-9.5,-2.66,cheap
0,4000,448100,27.2,2.4,rich
0,4500,448100,-67.4,-2.28,cheap
0,5200,448100,13.5,2.16,rich
0,5300,448100,10.9,2.68,rich
0,5400,448100,-0.4,2.33,cheap
0,5500,448100,1.5,2.55,rich
0,6500,448100,-9.6,-2.67,cheap
0,4000,448500,27.2,2.4,rich
0,4500,448500,-67.4,-2.28,cheap
0,5200,448500,13.5,2.16,rich
0,5300,448500,10.9,2.68,rich
0,5400,448500,-0.4,2.33,cheap
0,5500,448500,1.5,2.55,rich
0,6500,448500,-9.6,-2.67,cheap
0,4000,449000,27.1,2.4,rich
0,4500,449000,-67.3,-2.28,cheap
0,5200,449000,14.7,2.36,rich
0,5300,449000,10.9,2.67,rich
0,5400,449000,0.2,2.41,rich
0,5500,449000,-0.1,2.33,cheap
0,6500,449000,-9.5,-2.66,cheap
0,5000,450000,-14.3,-2.68,cheap
0,5500,450000,-0.8,2.24,cheap
0,6000,450000,9.7,3.49,rich
0,6000,450500,5.3,2.63,rich
0,6000,453900,6.2,2.8,rich
0,4000,455500,27.0,2.39,rich
0,4500,455500,-67.6,-2.29,cheap
0,5200,455500,14.6,2.35,rich
0,5300,455500,10.1,2.54,rich
0,5400,455500,-1.3,2.21,cheap
0,5500,455500,0.4,2.41,rich
0,6500,455500,-9.3,-2.64,cheap
0,4000,455600,27.0,2.4,rich
0,4500,455600,-67.5,-2.29,cheap
0,5200,455600,13.9,2.23,rich
0,5300,455600,10.7,2.65,rich
0,5400,455600,-0.9,2.26,cheap
0,5500,455600,0.7,2.45,rich
0,6500,455600,-9.5,-2.66,cheap
0,6000,457500,5.9,2.74,rich
0,6000,458500,5.9,2.73,rich
0,4000,459100,26.9,2.39,rich
0,4500,459100,-66.8,-2.27,cheap
0,5200,459100,14.3,2.29,rich
0,5300,459100,10.8,2.66,rich
0,5400,459100,-0.9,2.26,cheap
0,5500,459100,0.5,2.42,rich
0,6500,459100,-9.7,-2.68,cheap
0,6000,459200,5.5,2.65,rich
0,6000,461500,6.3,2.82,rich
0,6000,462200,6.6,2.87,rich
0,6000,462400,3.7,2.3,rich
0,6000,463200,3.8,2.33,rich
0,5000,463500,-13.6,-2.6,cheap
0,5500,463500,0.4,2.4,rich
0,6000,463500,10.9,3.71,rich
0,6000,464600,3.6,2.28,rich
0,5000,466500,-12.9,-2.52,cheap
0,5500,466500,-0.1,2.34,cheap
0,6000,466500,10.6,3.66,rich
0,6000,466600,3.8,2.34,rich
0,6000,466900,6.6,2.88,rich
0,6000,467100,3.8,2.34,rich
0,6000,468900,3.8,2.34,rich
0,5000,469200,-12.6,-2.48,cheap
0,5500,469200,0.2,2.38,rich
0,6000,469200,10.7,3.68,rich
0,6000,470500,3.9,2.35,rich
0,6000,470600,3.9,2.35,rich
0,6000,471700,6.9,2.94,rich
0,6000,474600,6.6,2.88,rich
0,5000,477000,-12.6,-2.48,cheap
0,5500,477000,-2.5,2.01,cheap
0,6000,477000,10.6,3.66,rich
0,5000,478000,-12.7,-2.5,cheap
0,5500,478000,-1.2,2.18,cheap
0,6000,478000,10.5,3.64,rich
0,6000,479800,6.1,2.79,rich
0,4000,482600,27.2,2.41,rich
0,4500,482600,-68.1,-2.3,cheap
0,5200,482600,13.2,2.12,rich
0,5300,482600,10.8,2.65,rich
0,5400,482600,-1.3,2.2,cheap
0,5500,482600,1.6,2.57,rich
0,6500,482600,-9.4,-2.65,cheap
0,4000,484400,27.1,2.4,rich
0,4500,484400,-67.8,-2.29,cheap
0,5200,484400,14.0,2.24,rich
0,5300,484400,10.8,2.65,rich
0,5400,484400,-0.8,2.27,cheap
0,5500,484400,0.7,2.45,rich
0,6500,484400,-9.5,-2.66,cheap
0,4000,484600,27.1,2.4,rich
0,4500,484600,-67.4,-2.28,cheap
0,5200,484600,13.6,2.18,rich
0,5300,484600,10.9,2.67,rich
0,5400,484600,-1.4,2.19,cheap
0,5500,484600,1.4,2.54,rich
0,6500,484600,-9.6,-2.67,cheap
0,4000,486800,27.2,2.4,rich
0,4500,486800,-67.8,-2.29,cheap
0,5200,486800,14.0,2.24,rich
0,5300,486800,10.8,2.65,rich
0,5400,486800,-0.8,2.27,cheap
0,5500,486800,0.7,2.45,rich
0,6500,486800,-9.5,-2.66,cheap
0,6000,487100,6.1,2.77,rich
0,4000,487700,27.1,2.4,rich
0,4500,487700,-67.4,-2.28,cheap
0,5200,487700,13.6,2.18,rich
0,5300,487700,10.9,2.67,rich
0,5400,487700,-1.4,2.19,cheap
0,5500,487700,1.4,2.54,rich
0,6500,487700,-9.6,-2.68,cheap
0,4000,488200,27.1,2.4,rich
0,4500,488200,-67.5,-2.28,cheap
0,5200,488200,13.6,2.18,rich
0,5300,488200,10.9,2.67,rich
0,5400,488200,-1.4,2.19,cheap
0,5500,488200,1.4,2.54,rich
0,6500,488200,-9.6,-2.68,cheap
0,4000,488700,27.1,2.4,rich
0,4500,488700,-67.3,-2.28,cheap
0,5200,488700,13.8,2.22,rich
0,5300,488700,11.2,2.72,rich
0,5400,488700,-1.9,2.12,cheap
0,5500,488700,1.9,2.61,rich
0,6500,488700,-9.7,-2.69,cheap
0,6000,491000,3.4,2.24,rich
0,6000,491300,6.5,2.86,rich
0,6000,494800,5.1,2.57,rich
0,6000,496000,5.5,2.67,rich
0,4000,496700,27.2,2.4,rich
0,4500,496700,-67.9,-2.29,cheap
0,5200,496700,14.0,2.24,rich
0,5300,496700,10.8,2.65,rich
0,5400,496700,-0.8,2.27,cheap
0,5500,496700,0.7,2.45,rich
0,6500,496700,-9.5,-2.66,cheap
0,4000,497500,27.1,2.4,rich
0,4500,497500,-67.9,-2.29,cheap
0,5200,497500,13.9,2.23,rich
0,5300,497500,10.7,2.63,rich
0,5400,497500,-1.4,2.19,cheap
0,5500,497500,0.4,2.41,rich
0,6500,497500,-9.4,-2.65,cheap
0,5000,499300,-13.9,-2.64,cheap
0,5500,499300,1.2,2.51,rich
0,6000,499300,8.9,3.33,rich
0,4000,499700,27.5,2.42,rich
0,4500,499700,-68.7,-2.31,cheap
0,5200,499700,13.3,2.14,rich
0,5300,499700,10.4,2.59,rich
0,5400,499700,-1.1,2.23,cheap
0,5500,499700,2.7,2.73,rich
0,6500,499700,-9.4,-2.65,cheap
0,4000,503500,27.2,2.4,rich
0,4500,503500,-67.6,-2.29,cheap
0,5200,503500,13.7,2.19,rich
0,5300,503500,11.0,2.7,rich
0,5400,503500,-2.1,2.1,cheap
0,5500,503500,1.7,2.59,rich
0,6500,503500,-9.7,-2.68,cheap
0,6000,505500,6.2,2.8,rich
0,4000,506100,27.2,2.4,rich
0,4500,506100,-67.6,-2.29,cheap
0,5200,506100,13.6,2.18,rich
0,5300,506100,9.9,2.52,rich
0,5400,506100,-0.1,2.36,cheap
0,5500,506100,1.3,2.53,rich
0,6500,506100,-9.7,-2.68,cheap
0,4000,506300,27.2,2.41,rich
0,4500,506300,-67.7,-2.29,cheap
0,5200,506300,14.4,2.31,rich
0,5300,506300,10.4,2.58,rich
0,5400,506300,-1.2,2.21,cheap
0,5500,506300,1.4,2.54,rich
0,6500,506300,-9.6,-2.68,cheap
0,6000,510800,3.9,2.34,rich
0,6000,510900,3.8,2.33,rich
0,6000,512500,3.8,2.33,rich
0,6000,512600,7.2,2.99,rich
0,6000,513100,4.0,2.37,rich
0,6000,513300,7.3,3.01,rich
0,6000,514100,3.9,2.34,rich
0,6000,514500,3.9,2.35,rich
0,6000,515500,6.7,2.9,rich
0,6000,515900,6.7,2.89,rich
0,5500,519000,-2.4,2.02,cheap
0,6000,519000,6.0,2.76,rich
0,6000,519700,5.4,2.64,rich
0,4000,521000,27.6,2.43,rich
0,4500,521000,-68.0,-2.3,cheap
0,5200,521000,14.5,2.33,rich
0,5300,521000,11.5,2.77,rich
0,5400,521000,-1.3,2.2,cheap
0,5500,521000,3.7,2.86,rich
0,6500,521000,-10.0,-2.71,cheap
0,4000,524100,27.6,2.43,rich
0,4500,524100,-68.4,-2.3,cheap
0,5200,524100,14.8,2.38,rich
0,5300,524100,11.3,2.73,rich
0,5400,524100,-1.4,2.19,cheap
0,5500,524100,2.7,2.73,rich
0,6500,524100,-9.7,-2.68,cheap
0,4000,524700,27.6,2.43,rich
0,4500,524700,-68.5,-2.31,cheap
0,5200,524700,14.4,2.31,rich
0,5300,524700,11.7,2.8,rich
0,5400,524700,-1.0,2.24,cheap
0,5500,524700,2.1,2.64,rich
0,6500,524700,-9.6,-2.67,cheap
0,6000,525000,5.0,2.56,rich
0,4000,529600,26.7,2.38,rich
0,4500,529600,-65.9,-2.25,cheap
0,5200,529600,14.2,2.28,rich
0,5300,529600,10.4,2.59,rich
0,5400,529600,-0.7,2.29,cheap
0,5500,529600,3.5,2.84,rich
0,6500,529600,-9.2,-2.63,cheap
0,6000,530900,4.1,2.39,rich
0,6000,531100,4.4,2.44,rich
0,6000,531300,4.6,2.49,rich
0,4000,531500,27.6,2.43,rich
0,4500,531500,-68.9,-2.32,cheap
0,5200,531500,14.7,2.36,rich
0,5300,531500,11.4,2.76,rich
0,5400,531500,-1.1,2.23,cheap
0,5500,531500,1.2,2.51,rich
0,6500,531500,-9.3,-2.64,cheap
0,4000,533900,27.7,2.43,rich
0,4500,533900,-68.3,-2.3,cheap
0,5200,533900,15.0,2.42,rich
0,5300,533900,10.7,2.63,rich
0,5400,533900,-0.7,2.28,cheap
0,5500,533900,3.2,2.79,rich
0,6500,533900,-9.9,-2.7,cheap
0,4000,534600,27.7,2.43,rich
0,4500,534600,-68.8,-2.31,cheap
0,5200,534600,14.2,2.28,rich
0,5300,534600,11.5,2.77,rich
0,5400,534600,-1.2,2.22,cheap
0,5500,534600,1.9,2.62,rich
0,6500,534600,-9.5,-2.66,cheap
0,4000,535000,27.6,2.43,rich
0,4500,535000,-68.4,-2.31,cheap
0,5200,535000,14.8,2.38,rich
0,5300,535000,11.3,2.73,rich
0,5400,535000,-1.4,2.19,cheap
0,5500,535000,2.7,2.73,rich
0,6500,535000,-9.7,-2.68,cheap
0,6000,535900,4.6,2.48,rich
0,4000,536900,27.6,2.42,rich
0,4500,536900,-68.1,-2.3,cheap
0,5200,536900,13.7,2.2,rich
0,5300,536900,11.1,2.71,rich
0,5400,536900,-1.5,2.18,cheap
0,5500,536900,3.6,2.85,rich
0,6500,536900,-9.9,-2.71,cheap
0,4000,537400,27.7,2.43,rich
0,4500,537400,-68.3,-2.3,cheap
0,5200,537400,14.3,2.3,rich
0,5300,537400,11.3,2.74,rich
0,5400,537400,-1.5,2.18,cheap
0,5500,537400,3.5,2.84,rich
0,6500,537400,-9.9,-2.7,cheap
0,4000,538300,27.3,2.41,rich
0,4500,538300,-68.1,-2.3,cheap
0,5200,538300,14.2,2.28,rich
0,5300,538300,11.0,2.69,rich
0,5400,538300,-1.9,2.12,cheap
0,5500,538300,0.9,2.48,rich
0,6500,538300,-9.5,-2.66,cheap
0,5500,539400,-2.1,2.06,cheap
0,6000,539400,5.7,2.7,rich
0,4000,540700,27.2,2.41,rich
0,4500,540700,-68.3,-2.3,cheap
0,5200,540700,14.0,2.25,rich
0,5300,540700,10.7,2.64,rich
0,5400,540700,-1.4,2.19,cheap
0,5500,540700,0.4,2.41,rich
0,6500,540700,-9.4,-2.65,cheap
0,4000,541000,27.2,2.4,rich
0,4500,541000,-68.1,-2.3,cheap
0,5200,541000,13.4,2.15,rich
0,5300,541000,10.6,2.63,rich
0,5400,541000,-2.1,2.1,cheap
0,5500,541000,0.9,2.47,rich
0,6500,541000,-9.4,-2.66,cheap
0,5500,544600,-1.3,2.17,cheap
0,6000,544600,5.4,2.63,rich
0,6000,544700,6.7,2.9,rich
0,6000,545300,3.4,2.25,rich
0,6000,546900,5.3,2.62,rich
0,5000,547100,-13.2,-2.55,cheap
0,5100,547100,-7.2,-2.02,cheap
0,5500,547100,-0.2,2.33,cheap
0,6000,547100,10.7,3.68,rich
0,4000,548400,27.2,2.41,rich
0,4500,548400,-67.9,-2.29,cheap
0,5200,548400,13.8,2.22,rich
0,5300,548400,10.2,2.56,rich
0,5400,548400,-1.2,2.22,cheap
0,5500,548400,1.5,2.56,rich
0,6500,548400,-9.7,-2.68,cheap
0,6000,548800,5.2,2.6,rich
0,5500,548900,-2.5,2.01,cheap
0,6000,548900,5.2,2.59,rich
0,4000,550100,27.3,2.41,rich
0,4500,550100,-68.3,-2.3,cheap
0,5200,550100,14.3,2.29,rich
0,5300,550100,11.0,2.7,rich
0,5400,550100,-1.9,2.12,cheap
0,5500,550100,0.9,2.48,rich
0,6500,550100,-9.5,-2.67,cheap
0,6000,550400,6.0,2.76,rich
0,5000,550800,-8.9,-2.06,cheap
0,6000,550800,5.2,2.59,rich
0,5000,551000,-8.9,-2.06,cheap
0,6000,551000,5.2,2.59,rich
0,4000,551300,27.3,2.41,rich
0,4500,551300,-68.3,-2.3,cheap
0,5200,551300,14.3,2.29,rich
0,5300,551300,11.1,2.7,rich
0,5400,551300,-1.9,2.12,cheap
0,5500,551300,0.9,2.48,rich
0,6500,551300,-9.5,-2.67,cheap
0,4000,553100,27.3,2.41,rich
0,4500,553100,-68.3,-2.3,cheap
0,5200,553100,14.3,2.29,rich
0,5300,553100,11.1,2.7,rich
0,5400,553100,-1.9,2.12,cheap
0,5500,553100,0.9,2.48,rich
0,6500,553100,-9.5,-2.67,cheap
0,5000,553800,-8.5,-2.0,cheap
0,6000,553800,6.1,2.78,rich
0,5500,557200,-0.5,2.27,cheap
0,6000,557200,6.4,2.83,rich
0,6000,558300,5.9,2.73,rich
0,5500,559100,-1.0,2.21,cheap
0,6000,559100,5.5,2.66,rich
0,5000,559800,-13.6,-2.6,cheap
0,5500,559800,0.1,2.37,rich
0,6000,559800,10.4,3.62,rich
0,6000,560500,3.7,2.32,rich
0,6000,561300,5.9,2.73,rich
0,6000,562800,5.7,2.7,rich
0,4000,567400,27.5,2.42,rich
0,4500,567400,-68.5,-2.31,cheap
0,5200,567400,13.9,2.23,rich
0,5300,567400,11.4,2.76,rich
0,5400,567400,-2.1,2.1,cheap
0,5500,567400,2.1,2.64,rich
0,6500,567400,-9.7,-2.68,cheap
0,4000,567900,27.3,2.41,rich
0,4500,567900,-68.6,-2.31,cheap
0,5200,567900,15.0,2.41,rich
0,5300,567900,10.4,2.59,rich
0,5400,567900,-2.4,2.06,cheap
0,5500,567900,0.6,2.44,rich
0,6500,567900,-9.4,-2.65,cheap
0,4000,568400,27.8,2.43,rich
0,4500,568400,-68.6,-2.31,cheap
0,5200,568400,15.3,2.45,rich
0,5300,568400,10.9,2.67,rich
0,5400,568400,-1.8,2.14,cheap
0,5500,568400,3.4,2.82,rich
0,6500,568400,-9.9,-2.7,cheap
0,4000,568900,27.8,2.44,rich
0,4500,568900,-68.9,-2.32,cheap
0,5200,568900,14.7,2.36,rich
0,5300,568900,11.1,2.71,rich
0,5400,568900,-1.6,2.17,cheap
0,5500,568900,2.6,2.71,rich
0,6500,568900,-9.7,-2.68,cheap
0,4000,569800,27.8,2.43,rich
0,4500,569800,-68.6,-2.31,cheap
0,5200,569800,15.3,2.45,rich
0,5300,569800,10.9,2.67,rich
0,5400,569800,-1.8,2.14,cheap
0,5500,569800,3.4,2.82,rich
0,6500,569800,-9.9,-2.7,cheap
0,4000,570200,27.8,2.44,rich
0,4500,570200,-68.9,-2.32,cheap
0,5200,570200,14.7,2.36,rich
0,5300,570200,11.1,2.71,rich
0,5400,570200,-1.6,2.17,cheap
0,5500,570200,2.6,2.71,rich
0,6500,570200,-9.7,-2.68,cheap
0,5000,571900,-8.8,-2.04,cheap
0,6000,571900,5.3,2.62,rich
0,4000,572300,27.5,2.42,rich
0,4500,572300,-68.4,-2.31,cheap
0,5200,572300,14.0,2.25,rich
0,5300,572300,10.7,2.63,rich
0,5400,572300,-1.9,2.12,cheap
0,5500,572300,2.2,2.66,rich
0,6500,572300,-9.7,-2.68,cheap
0,5500,574500,-2.3,2.03,cheap
0,6000,574500,5.3,2.62,rich
0,6000,575300,5.6,2.68,rich
0,4000,575800,27.2,2.41,rich
0,4500,575800,-68.1,-2.3,cheap
0,5200,575800,14.1,2.26,rich
0,5300,575800,10.4,2.59,rich
0,5400,575800,-2.3,2.07,cheap
0,5500,575800,1.7,2.59,rich
0,6500,575800,-9.7,-2.68,cheap
0,6000,576000,5.7,2.69,rich
0,4000,577700,27.3,2.41,rich
0,4500,577700,-67.9,-2.3,cheap
0,5200,577700,14.3,2.3,rich
0,5300,577700,10.7,2.64,rich
0,5500,577700,2.3,2.66,rich
0,6500,577700,-9.8,-2.7,cheap
0,5000,578600,-12.7,-2.5,cheap
0,5500,578600,0.9,2.47,rich
0,6000,578600,10.0,3.53,rich
0,4000,580200,27.2,2.41,rich
0,4500,580200,-68.4,-2.31,cheap
0,5200,580200,13.7,2.19,rich
0,5300,580200,10.9,2.67,rich
0,5500,580200,1.1,2.5,rich
0,6500,580200,-9.5,-2.66,cheap
0,6000,582500,5.9,2.73,rich
0,5500,586300,-1.4,2.15,cheap
0,6000,586300,5.5,2.66,rich
0,5500,586400,-1.9,2.08,cheap
0,6000,586400,5.4,2.63,rich
0,4000,588700,27.3,2.41,rich
0,4500,588700,-68.3,-2.3,cheap
0,5200,588700,14.8,2.38,rich
0,5300,588700,10.3,2.57,rich
0,5400,588700,-2.5,2.05,cheap
0,5500,588700,1.6,2.57,rich
0,6500,588700,-9.7,-2.68,cheap
0,6000,589300,5.5,2.66,rich
0,4000,592300,27.3,2.41,rich
0,4500,592300,-68.8,-2.31,cheap
0,5200,592300,14.0,2.25,rich
0,5300,592300,10.6,2.63,rich
0,5400,592300,-2.0,2.12,cheap
0,5500,592300,0.1,2.37,rich
0,6500,592300,-9.3,-2.64,cheap
0,6000,592500,5.2,2.6,rich
0,4000,593400,27.3,2.41,rich
0,4500,593400,-68.6,-2.31,cheap
0,5200,593400,15.4,2.48,rich
0,5300,593400,10.8,2.65,rich
0,5500,593400,1.0,2.49,rich
0,6500,593400,-9.5,-2.66,cheap
0,4000,594900,27.5,2.42,rich
0,4500,594900,-69.0,-2.32,cheap
0,5200,594900,14.5,2.32,rich
0,5300,594900,10.6,2.62,rich
0,5400,594900,-2.6,2.03,cheap
0,5500,594900,1.7,2.58,rich
0,6500,594900,-9.4,-2.65,cheap
0,4000,595100,27.7,2.43,rich
0,4500,595100,-69.1,-2.32,cheap
0,5200,595100,15.1,2.43,rich
0,5300,595100,10.7,2.65,rich
0,5500,595100,3.3,2.8,rich
0,6500,595100,-9.6,-2.68,cheap
0,4000,596400,27.3,2.41,rich
0,4500,596400,-68.8,-2.31,cheap
0,5200,596400,15.0,2.41,rich
0,5300,596400,11.2,2.73,rich
0,5500,596400,0.4,2.4,rich
0,6500,596400,-9.4,-2.65,cheap
0,4000,596800,27.5,2.42,rich
0,4500,596800,-69.0,-2.32,cheap
0,5200,596800,13.7,2.2,rich
0,5300,596800,10.3,2.58,rich
0,5400,596800,-2.3,2.08,cheap
0,5500,596800,1.9,2.62,rich
0,6500,596800,-9.5,-2.66,cheap
0,4000,597200,27.3,2.41,rich
0,4500,597200,-68.8,-2.31,cheap
0,5200,597200,15.0,2.41,rich
0,5300,597200,11.2,2.73,rich
0,5500,597200,0.4,2.4,rich
0,6500,597200,-9.4,-2.65,cheap
0,4000,597800,27.5,2.42,rich
0,4500,597800,-68.6,-2.31,cheap
0,5200,597800,14.3,2.29,rich
0,5300,597800,10.9,2.67,rich
0,5500,597800,2.4,2.68,rich
0,6500,597800,-9.7,-2.68,cheap
0,5000,599300,-14.8,-2.73,cheap
0,5500,599300,1.9,2.61,rich
0,6000,599300,9.5,3.44,rich
0,4000,600200,27.2,2.41,rich
0,4500,600200,-68.4,-2.31,cheap
0,5200,600200,14.8,2.38,rich
0,5300,600200,10.6,2.62,rich
0,5500,600200,1.1,2.5,rich
0,6500,600200,-9.5,-2.66,cheap
0,6000,600300,6.3,2.81,rich
0,4000,602900,27.3,2.41,rich
0,4500,602900,-68.3,-2.3,cheap
0,5200,602900,14.1,2.26,rich
0,5300,602900,10.4,2.6,rich
0,5400,602900,-2.3,2.07,cheap
0,5500,602900,1.7,2.59,rich
0,6500,602900,-9.7,-2.69,cheap
0,4000,603400,27.3,2.41,rich
0,4500,603400,-68.2,-2.3,cheap
0,5200,603400,15.2,2.45,rich
0,5300,603400,10.3,2.57,rich
0,5500,603400,2.1,2.64,rich
0,6500,603400,-9.8,-2.69,cheap
0,6000,604900,6.0,2.76,rich
0,6000,605900,6.4,2.83,rich
0,6000,606000,3.8,2.34,rich
0,5000,606400,-13.2,-2.55,cheap
0,5500,606400,0.1,2.37,rich
0,6000,606400,10.5,3.63,rich
0,6000,609000,4.0,2.37,rich
0,4000,611100,27.3,2.41,rich
0,4500,611100,-67.9,-2.29,cheap
0,5200,611100,14.9,2.39,rich
0,5300,611100,9.5,2.45,rich
0,5500,611100,3.1,2.78,rich
0,6500,611100,-10.0,-2.72,cheap
0,6000,611700,5.8,2.72,rich
0,6000,614000,4.0,2.36,rich
0,6000,614800,4.4,2.44,rich
0,6000,616800,4.7,2.5,rich
0,6000,617600,4.1,2.38,rich
0,5000,618200,-13.3,-2.56,cheap
0,5500,618200,0.2,2.38,rich
0,6000,618200,11.0,3.74,rich
0,6000,618500,4.2,2.4,rich
0,5500,618800,-2.4,2.01,cheap
0,6000,618800,7.8,3.11,rich
0,6000,619500,6.9,2.93,rich
0,6000,620400,4.3,2.42,rich
0,6000,621600,4.6,2.49,rich
0,6000,622200,5.1,2.57,rich
0,6000,622300,5.0,2.57,rich
0,6000,623500,5.2,2.6,rich
0,6000,624800,7.6,3.08,rich
0,6000,625600,7.3,3.02,rich
0,6000,626000,5.0,2.57,rich
0,6000,626400,7.6,3.08,rich
0,6000,626800,5.0,2.57,rich
0,6000,626900,5.0,2.57,rich
0,6000,627500,5.4,2.63,rich
0,4000,627800,26.4,2.36,rich
0,4500,627800,-66.5,-2.26,cheap
0,5200,627800,14.1,2.26,rich
0,5300,627800,9.9,2.5,rich
0,5500,627800,0.1,2.37,rich
0,6000,627800,2.4,2.05,rich
0,6500,627800,-10.1,-2.72,cheap
0,6000,627900,5.4,2.63,rich
0,6000,628000,7.1,2.97,rich
0,6000,628900,4.8,2.52,rich
0,6000,629200,5.0,2.57,rich
0,6000,629900,4.5,2.46,rich
0,6000,630400,4.8,2.52,rich
0,6000,630500,4.3,2.43,rich
0,6000,631100,4.4,2.45,rich
0,6000,631600,4.9,2.54,rich
0,6000,632200,5.1,2.58,rich
0,6000,632800,5.4,2.64,rich
0,5000,633000,-12.0,-2.42,cheap
0,5500,633000,2.3,2.66,rich
0,6000,633000,11.5,3.83,rich
0,5000,633900,-12.8,-2.5,cheap
0,5500,633900,0.8,2.46,rich
0,6000,633900,11.2,3.78,rich
0,6000,634400,6.7,2.9,rich
0,6000,635100,4.3,2.43,rich
0,6000,636300,4.2,2.4,rich
0,6000,636800,4.2,2.41,rich
0,6000,637900,4.2,2.4,rich
0,6000,640000,4.0,2.37,rich
0,6000,640200,6.9,2.94,rich
0,6000,640400,4.2,2.4,rich
0,6000,640800,4.1,2.39,rich
0,6000,642500,6.6,2.88,rich
0,6000,642700,7.6,3.08,rich
0,6000,642800,6.8,2.92,rich
0,6000,645800,4.2,2.41,rich
0,6000,645900,4.2,2.41,rich
0,6000,647300,6.9,2.93,rich
0,6000,648100,4.2,2.41,rich
0,5500,648600,-2.5,2.0,cheap
0,6000,648600,6.8,2.92,rich
0,6000,649100,4.2,2.41,rich
0,6000,649200,4.3,2.42,rich
0,6000,653600,4.0,2.36,rich
0,6000,654800,3.9,2.35,rich
0,6000,655000,3.9,2.35,rich
0,6000,656000,6.4,2.84,rich
0,6000,656900,3.7,2.3,rich
0,5500,659100,-1.6,2.12,cheap
0,6000,659100,5.9,2.75,rich
0,5000,663300,-13.4,-2.57,cheap
0,5500,663300,1.0,2.49,rich
0,6000,663300,10.3,3.6,rich
0,4000,665700,27.5,2.42,rich
0,4500,665700,-68.8,-2.31,cheap
0,5200,665700,14.4,2.31,rich
0,5300,665700,10.7,2.64,rich
0,5500,665700,1.9,2.62,rich
0,6500,665700,-9.8,-2.69,cheap
0,4000,665800,27.5,2.42,rich
0,4500,665800,-68.8,-2.31,cheap
0,5200,665800,14.4,2.31,rich
0,5300,665800,10.7,2.64,rich
0,5500,665800,1.9,2.62,rich
0,6500,665800,-9.8,-2.69,cheap
0,5000,665900,-12.7,-2.49,cheap
0,5500,665900,-0.4,2.3,cheap
0,6000,665900,10.1,3.56,rich
0,4000,666100,27.6,2.42,rich
0,4500,666100,-69.0,-2.32,cheap
0,5200,666100,13.1,2.1,rich
0,5300,666100,11.7,2.8,rich
0,5400,666100,-2.8,2.01,cheap
0,5500,666100,1.4,2.55,rich
0,6500,666100,-9.7,-2.69,cheap
0,5500,670100,-1.2,2.18,cheap
0,6000,670100,6.9,2.94,rich
0,5500,670200,-2.4,2.01,cheap
0,6000,670200,6.3,2.81,rich
0,4000,670700,27.4,2.42,rich
0,4500,670700,-68.6,-2.31,cheap
0,5200,670700,12.9,2.06,rich
0,5300,670700,11.0,2.69,rich
0,5500,670700,2.2,2.66,rich
0,6500,670700,-9.9,-2.7,cheap
0,4000,672000,27.5,2.42,rich
0,4500,672000,-69.0,-2.32,cheap
0,5200,672000,13.2,2.12,rich
0,5300,672000,11.3,2.74,rich
0,5500,672000,1.4,2.55,rich
0,6500,672000,-9.7,-2.68,cheap
0,4000,673500,27.6,2.42,rich
0,4500,673500,-68.7,-2.31,cheap
0,5200,673500,13.7,2.2,rich
0,5300,673500,11.4,2.75,rich
0,5500,673500,2.3,2.66,rich
0,6500,673500,-9.9,-2.71,cheap
0,5000,674900,-13.3,-2.56,cheap
0,5500,674900,-0.4,2.3,cheap
0,6000,674900,11.2,3.78,rich
0,6000,675000,6.5,2.86,rich
0,5000,676300,-11.8,-2.39,cheap
0,5500,676300,-0.8,2.24,cheap
0,6000,676300,11.1,3.76,rich
0,6000,677100,7.1,2.96,rich
0,6000,678100,4.1,2.39,rich
0,6000,678200,7.3,3.0,rich
0,4000,678800,27.2,2.41,rich
0,4500,678800,-68.1,-2.3,cheap
0,5200,678800,14.0,2.24,rich
0,5300,678800,10.4,2.59,rich
0,5500,678800,1.6,2.58,rich
0,6500,678800,-10.0,-2.71,cheap
0,6000,679200,6.5,2.86,rich
0,5000,679700,-13.0,-2.53,cheap
0,5500,679700,1.4,2.54,rich
0,6000,679700,10.5,3.64,rich
0,6000,679800,6.0,2.76,rich
0,6000,680000,6.2,2.79,rich
0,6000,685100,6.2,2.8,rich
0,6000,685500,6.0,2.75,rich
0,4000,686500,27.4,2.42,rich
0,4500,686500,-68.8,-2.31,cheap
0,5200,686500,13.8,2.22,rich
0,5300,686500,11.1,2.7,rich
0,5500,686500,2.3,2.67,rich
0,6500,686500,-9.8,-2.69,cheap
0,4000,686900,27.6,2.42,rich
0,4500,686900,-68.7,-2.31,cheap
0,5200,686900,14.7,2.35,rich
0,5300,686900,10.8,2.66,rich
0,5500,686900,1.5,2.56,rich
0,6500,686900,-9.9,-2.71,cheap
0,4000,687300,27.6,2.42,rich
0,4500,687300,-68.7,-2.31,cheap
0,5200,687300,14.7,2.35,rich
0,5300,687300,10.8,2.66,rich
0,5500,687300,1.5,2.56,rich
0,6500,687300,-9.9,-2.71,cheap
0,6000,687700,6.4,2.85,rich
0,4000,689800,27.4,2.42,rich
0,4500,689800,-69.1,-2.32,cheap
0,5200,689800,14.3,2.3,rich
0,5300,689800,9.6,2.47,rich
0,5500,689800,1.6,2.57,rich
0,6500,689800,-9.6,-2.67,cheap
0,5500,690600,-2.0,2.08,cheap
0,6000,690600,6.1,2.77,rich
0,4000,691000,27.8,2.43,rich
0,4500,691000,-69.0,-2.32,cheap
0,5200,691000,14.0,2.24,rich
0,5300,691000,10.9,2.68,rich
0,5500,691000,2.7,2.72,rich
0,6500,691000,-10.0,-2.71,cheap
0,6000,691400,5.7,2.71,rich
0,6000,692200,6.2,2.8,rich
0,4000,692700,27.6,2.42,rich
0,4500,692700,-68.8,-2.32,cheap
0,5200,692700,14.4,2.31,rich
0,5300,692700,10.5,2.6,rich
0,5400,692700,-2.4,2.06,cheap
0,5500,692700,1.0,2.49,rich
0,6500,692700,-9.8,-2.69,cheap
0,5000,693100,-12.5,-2.47,cheap
0,5500,693100,-0.7,2.25,cheap
0,6000,693100,10.5,3.63,rich
0,4000,693400,27.5,2.42,rich
0,4500,693400,-68.5,-2.31,cheap
0,5200,693400,14.0,2.25,rich
0,5300,693400,10.6,2.62,rich
0,5500,693400,1.6,2.58,rich
0,6500,693400,-9.9,-2.71,cheap
0,4000,694200,27.6,2.42,rich
0,4500,694200,-68.6,-2.31,cheap
0,5200,694200,14.9,2.39,rich
0,5300,694200,11.0,2.69,rich
0,5400,694200,-2.8,2.01,cheap
0,5500,694200,1.7,2.58,rich
0,6500,694200,-10.0,-2.72,cheap
0,4000,694400,27.6,2.42,rich
0,4500,694400,-68.6,-2.31,cheap
0,5200,694400,14.9,2.39,rich
0,5300,694400,11.0,2.69,rich
0,5400,694400,-2.8,2.01,cheap
0,5500,694400,1.7,2.58,rich
0,6500,694400,-10.0,-2.72,cheap
0,6000,695200,5.7,2.69,rich
0,4000,695400,27.7,2.43,rich
0,4500,695400,-69.1,-2.32,cheap
0,5200,695400,14.9,2.39,rich
0,5300,695400,10.4,2.6,rich
0,5500,695400,2.6,2.7,rich
0,6500,695400,-9.9,-2.7,cheap
0,4000,695500,27.6,2.43,rich
0,4500,695500,-69.0,-2.32,cheap
0,5200,695500,14.3,2.29,rich
0,5300,695500,11.2,2.73,rich
0,5400,695500,-2.5,2.04,cheap
0,5500,695500,0.9,2.47,rich
0,6500,695500,-9.8,-2.69,cheap
0,4000,695800,27.5,2.42,rich
0,4500,695800,-68.5,-2.31,cheap
0,5200,695800,14.0,2.25,rich
0,5300,695800,10.6,2.62,rich
0,5500,695800,1.6,2.58,rich
0,6500,695800,-9.9,-2.71,cheap
0,6000,696400,5.5,2.66,rich
0,4000,697700,27.6,2.43,rich
0,4500,697700,-68.8,-2.31,cheap
0,5200,697700,14.5,2.32,rich
0,5300,697700,11.4,2.76,rich
0,5400,697700,-2.4,2.06,cheap
0,5500,697700,1.0,2.49,rich
0,6500,697700,-9.9,-2.7,cheap
0,4000,699000,26.5,2.37,rich
0,4500,699000,-66.1,-2.26,cheap
0,5200,699000,12.9,2.07,rich
0,5300,699000,9.8,2.49,rich
0,5500,699000,3.4,2.82,rich
0,6500,699000,-9.4,-2.65,cheap
0,4000,699500,26.6,2.37,rich
0,4500,699500,-66.2,-2.26,cheap
0,5200,699500,13.7,2.21,rich
0,5300,699500,10.2,2.56,rich
0,5500,699500,3.4,2.83,rich
0,6500,699500,-9.5,-2.66,cheap
0,4000,700900,26.6,2.37,rich
0,4500,700900,-66.2,-2.26,cheap
0,5200,700900,13.7,2.21,rich
0,5300,700900,10.2,2.56,rich
0,5500,700900,3.4,2.83,rich
0,6500,700900,-9.5,-2.66,cheap
0,4000,704800,26.6,2.37,rich
0,4500,704800,-66.1,-2.25,cheap
0,5300,704800,10.5,2.61,rich
0,5500,704800,3.7,2.86,rich
0,6500,704800,-9.6,-2.67,cheap
0,6000,706600,5.5,2.66,rich
0,4000,706900,26.6,2.37,rich
0,4500,706900,-66.1,-2.25,cheap
0,5300,706900,10.5,2.61,rich
0,5500,706900,3.7,2.86,rich
0,6500,706900,-9.6,-2.67,cheap
0,4000,707000,26.7,2.38,rich
0,4500,707000,-66.1,-2.26,cheap
0,5200,707000,13.0,2.09,rich
0,5300,707000,10.9,2.68,rich
0,5500,707000,3.8,2.87,rich
0,6500,707000,-9.7,-2.68,cheap
0,4000,707700,26.5,2.37,rich
0,4500,707700,-65.7,-2.25,cheap
0,5200,707700,12.8,2.06,rich
0,5300,707700,10.3,2.57,rich
0,5500,707700,4.5,2.98,rich
0,6500,707700,-9.8,-2.69,cheap
0,4000,708500,26.6,2.37,rich
0,4500,708500,-66.3,-2.26,cheap
0,5200,708500,12.8,2.05,rich
0,5300,708500,10.6,2.62,rich
0,5500,708500,3.3,2.8,rich
0,6500,708500,-9.4,-2.65,cheap
0,4000,709600,26.6,2.37,rich
0,4500,709600,-66.0,-2.25,cheap
0,5200,709600,13.4,2.15,rich
0,5300,709600,10.3,2.58,rich
0,5500,709600,4.1,2.92,rich
0,6500,709600,-9.6,-2.68,cheap
0,5000,710200,-16.1,-2.89,cheap
0,5500,710200,3.3,2.81,rich
0,6000,710200,10.4,3.61,rich
0,6000,712300,6.1,2.79,rich
0,4000,714300,26.5,2.37,rich
0,4500,714300,-65.9,-2.25,cheap
0,5200,714300,13.5,2.17,rich
0,5300,714300,9.6,2.46,rich
0,5500,714300,4.2,2.93,rich
0,6500,714300,-9.6,-2.68,cheap
0,4000,715400,26.7,2.38,rich
0,4500,715400,-66.4,-2.26,cheap
0,5200,715400,13.8,2.21,rich
0,5300,715400,10.2,2.57,rich
0,5500,715400,3.5,2.83,rich
0,6500,715400,-9.5,-2.66,cheap
0,4000,715800,26.5,2.37,rich
0,4500,715800,-65.9,-2.25,cheap
0,5200,715800,13.5,2.17,rich
0,5300,715800,9.6,2.46,rich
0,5500,715800,4.2,2.93,rich
0,6500,715800,-9.6,-2.68,cheap
0,5000,717400,-8.5,-2.01,cheap
0,5500,717400,-2.3,2.03,cheap
0,6000,717400,5.1,2.59,rich
0,4000,719100,26.6,2.37,rich
0,4500,719100,-66.2,-2.26,cheap
0,5200,719100,13.1,2.11,rich
0,5300,719100,10.0,2.53,rich
0,5500,719100,3.6,2.85,rich
0,6500,719100,-9.5,-2.67,cheap
0,5500,719600,-1.1,2.2,cheap
0,6000,719600,5.5,2.66,rich
0,4000,721000,26.7,2.38,rich
0,4500,721000,-66.4,-2.26,cheap
0,5200,721000,13.8,2.21,rich
0,5300,721000,10.2,2.57,rich
0,5500,721000,3.5,2.83,rich
0,6500,721000,-9.5,-2.66,cheap
0,4000,721100,26.6,2.37,rich
0,4500,721100,-66.2,-2.26,cheap
0,5200,721100,13.1,2.11,rich
0,5300,721100,10.0,2.53,rich
0,5500,721100,3.6,2.85,rich
0,6500,721100,-9.5,-2.67,cheap
0,5500,721200,-1.6,2.13,cheap
0,6000,721200,5.4,2.63,rich
0,4000,721400,26.7,2.38,rich
0,4500,721400,-66.4,-2.26,cheap
0,5200,721400,13.8,2.21,rich
0,5300,721400,10.2,2.57,rich
0,5500,721400,3.5,2.83,rich
0,6500,721400,-9.5,-2.66,cheap
0,4000,722800,26.6,2.38,rich
0,4500,722800,-66.4,-2.26,cheap
0,5200,722800,13.4,2.15,rich
0,5300,722800,10.6,2.62,rich
0,5400,722800,-2.5,2.04,cheap
0,5500,722800,2.3,2.68,rich
0,6500,722800,-9.4,-2.65,cheap
0,5000,724200,-14.2,-2.67,cheap
0,5500,724200,0.9,2.48,rich
0,6000,724200,8.7,3.29,rich
0,6000,724600,4.5,2.46,rich
0,6000,727400,4.0,2.36,rich
0,5500,727500,-1.0,2.22,cheap
0,6000,727500,3.8,2.32,rich
0,5500,728300,-2.0,2.08,cheap
0,5500,729700,-2.2,2.04,cheap
0,6000,729700,4.0,2.36,rich
0,5500,729800,-0.6,2.27,cheap
0,6000,729800,4.6,2.48,rich
0,5500,731600,-2.0,2.07,cheap
0,5500,731700,-2.4,2.02,cheap
0,5500,732400,-0.7,2.25,cheap
0,6000,732400,3.9,2.34,rich
0,6000,735000,4.4,2.44,rich
0,5500,739800,-2.0,2.07,cheap
0,6000,739800,4.0,2.37,rich
0,6000,741100,4.1,2.39,rich
0,5500,741600,-1.9,2.08,cheap
0,6000,741600,4.0,2.37,rich
0,5500,744000,-1.8,2.11,cheap
0,5500,745900,-1.7,2.12,cheap
0,5500,746600,-2.0,2.08,cheap
0,5500,749500,-0.8,2.24,cheap
0,5500,749900,-1.0,2.2,cheap
0,5500,750000,-1.1,2.2,cheap
0,5500,750200,0.4,2.4,rich
0,6000,750200,3.9,2.35,rich
0,5500,752300,-1.4,2.16,cheap
0,6000,752300,2.9,2.16,rich
0,5000,753500,-13.1,-2.54,cheap
0,5500,753500,1.7,2.58,rich
0,6000,753500,7.4,3.03,rich
0,5500,753800,-1.4,2.15,cheap
0,6000,753800,3.6,2.3,rich
0,5500,753900,-2.3,2.03,cheap
0,5500,754500,-2.2,2.05,cheap
0,5500,756100,-0.8,2.24,cheap
0,6000,756100,4.5,2.47,rich
0,6000,760600,5.0,2.56,rich
0,5500,761100,-1.8,2.1,cheap
0,6000,761100,4.7,2.51,rich
0,4000,761500,26.9,2.39,rich
0,4500,761500,-67.0,-2.27,cheap
0,5300,761500,11.1,2.7,rich
0,5400,761500,-1.9,2.12,cheap
0,5500,761500,2.7,2.72,rich
0,6500,761500,-9.5,-2.66,cheap
0,4000,763200,26.8,2.38,rich
0,4500,763200,-67.0,-2.28,cheap
0,5300,763200,10.9,2.68,rich
0,5400,763200,-2.5,2.05,cheap
0,5500,763200,2.3,2.68,rich
0,6500,763200,-9.4,-2.65,cheap
0,6000,763700,5.3,2.63,rich
0,5500,768400,-0.1,2.33,cheap
0,6000,768400,6.2,2.8,rich
0,5500,769500,-1.1,2.19,cheap
0,6000,769500,4.8,2.53,rich
0,5500,769800,-1.2,2.19,cheap
0,6000,769800,4.5,2.47,rich
0,5500,770400,-0.4,2.29,cheap
0,6000,770400,4.2,2.41,rich
0,5000,772000,-13.7,-2.61,cheap
0,5500,772000,3.2,2.79,rich
0,6000,772000,9.1,3.37,rich
0,4000,772200,27.2,2.41,rich
0,4500,772200,-67.6,-2.29,cheap
0,5300,772200,10.8,2.65,rich
0,5400,772200,-1.3,2.21,cheap
0,5500,772200,4.3,2.95,rich
0,6500,772200,-9.6,-2.67,cheap
0,5500,772300,0.1,2.36,rich
0,6000,772300,5.1,2.58,rich
0,5000,772800,-13.1,-2.54,cheap
0,5500,772800,2.7,2.72,rich
0,6000,772800,9.2,3.37,rich
0,4000,774400,27.2,2.41,rich
0,4500,774400,-67.5,-2.29,cheap
0,5300,774400,10.5,2.61,rich
0,5400,774400,-2.1,2.1,cheap
0,5500,774400,4.6,2.99,rich
0,6500,774400,-9.6,-2.67,cheap
0,5500,774600,-1.2,2.18,cheap
0,6000,774600,4.6,2.48,rich
0,5500,774700,-0.7,2.26,cheap
0,6000,774700,4.1,2.4,rich
0,4000,775700,27.1,2.4,rich
0,4500,775700,-67.5,-2.29,cheap
0,5300,775700,10.8,2.66,rich
0,5400,775700,-2.6,2.03,cheap
0,5500,775700,5.1,3.06,rich
0,6500,775700,-9.6,-2.67,cheap
0,5500,775800,-1.3,2.18,cheap
0,6000,775800,4.7,2.51,rich
0,5000,776200,-8.4,-2.0,cheap
0,5500,776200,-0.4,2.3,cheap
0,6000,776200,5.0,2.56,rich
0,4000,776300,27.0,2.39,rich
0,4500,776300,-67.0,-2.28,cheap
0,5300,776300,10.6,2.63,rich
0,5400,776300,-2.2,2.09,cheap
0,5500,776300,4.5,2.97,rich
0,6500,776300,-9.7,-2.68,cheap
0,4000,777500,26.9,2.39,rich
0,4500,777500,-66.6,-2.27,cheap
0,5300,777500,11.2,2.72,rich
0,5400,777500,-1.8,2.13,cheap
0,5500,777500,3.7,2.87,rich
0,6500,777500,-9.8,-2.7,cheap
0,4000,777600,26.9,2.39,rich
0,4500,777600,-66.6,-2.27,cheap
0,5300,777600,11.2,2.72,rich
0,5400,777600,-1.8,2.13,cheap
0,5500,777600,3.7,2.87,rich
0,6500,777600,-9.8,-2.7,cheap
0,4000,778800,26.8,2.39,rich
0,4500,778800,-66.3,-2.26,cheap
0,5300,778800,10.4,2.6,rich
0,5400,778800,-1.8,2.13,cheap
0,5500,778800,4.6,2.99,rich
0,6500,778800,-10.0,-2.72,cheap
0,4000,779300,26.9,2.39,rich
0,4500,779300,-66.3,-2.26,cheap
0,5300,779300,10.4,2.6,rich
0,5400,779300,-1.8,2.13,cheap
0,5500,779300,4.6,2.99,rich
0,6500,779300,-10.0,-2.72,cheap
0,4000,781600,26.9,2.39,rich
0,4500,781600,-66.3,-2.26,cheap
0,5300,781600,10.5,2.6,rich
0,5400,781600,-1.8,2.13,cheap
0,5500,781600,4.6,2.99,rich
0,6500,781600,-10.0,-2.72,cheap
0,5000,782000,-13.6,-2.59,cheap
0,5500,782000,3.0,2.76,rich
0,6000,782000,10.4,3.61,rich
0,5000,782400,-13.7,-2.61,cheap
0,5500,782400,2.4,2.68,rich
0,6000,782400,10.0,3.54,rich
0,6000,783200,6.0,2.76,rich
0,5500,783600,-2.2,2.04,cheap
0,6000,783600,6.2,2.79,rich
0,4000,785700,26.9,2.39,rich
0,4500,785700,-66.3,-2.26,cheap
0,5300,785700,11.1,2.7,rich
0,5400,785700,-2.8,2.01,cheap
0,5500,785700,4.9,3.03,rich
0,6500,785700,-10.1,-2.72,cheap
0,5500,787000,0.3,2.39,rich
0,6000,787000,5.2,2.6,rich
0,5500,787200,-1.1,2.2,cheap
0,6000,787200,5.6,2.67,rich
0,4000,787800,26.9,2.39,rich
0,4500,787800,-66.3,-2.26,cheap
0,5300,787800,11.1,2.7,rich
0,5400,787800,-2.8,2.01,cheap
0,5500,787800,4.9,3.03,rich
0,6500,787800,-10.1,-2.72,cheap
0,4000,788500,26.8,2.38,rich
0,4500,788500,-66.1,-2.25,cheap
0,5300,788500,10.2,2.56,rich
0,5500,788500,5.5,3.11,rich
0,6500,788500,-10.1,-2.73,cheap
0,5500,789200,-0.3,2.31,cheap
0,6000,789200,5.7,2.69,rich
0,5500,789600,-2.4,2.02,cheap
0,6000,789600,7.0,2.96,rich
0,4000,791500,27.6,2.43,rich
0,4500,791500,-69.3,-2.33,cheap
0,5300,791500,10.1,2.53,rich
0,5500,791500,3.0,2.76,rich
0,6500,791500,-10.1,-2.72,cheap
0,5000,793400,-13.0,-2.53,cheap
0,5500,793400,2.4,2.69,rich
0,6000,793400,10.6,3.65,rich
0,6000,793700,6.6,2.88,rich
0,4000,794200,27.7,2.43,rich
0,4500,794200,-69.5,-2.33,cheap
0,5200,794200,12.5,2.01,rich
0,5300,794200,10.1,2.55,rich
0,5500,794200,2.5,2.7,rich
0,6500,794200,-10.1,-2.72,cheap
0,4000,794500,27.7,2.43,rich
0,4500,794500,-69.3,-2.33,cheap
0,5300,794500,10.6,2.62,rich
0,5500,794500,3.2,2.79,rich
0,6500,794500,-10.2,-2.74,cheap
0,5500,794900,-1.4,2.15,cheap
0,6000,794900,6.9,2.93,rich
0,4000,799800,26.8,2.39,rich
0,4500,799800,-66.3,-2.26,cheap
0,5300,799800,10.0,2.53,rich
0,5500,799800,5.3,3.09,rich
0,6500,799800,-10.0,-2.72,cheap
0,4000,800900,26.9,2.39,rich
0,4500,800900,-66.6,-2.27,cheap
0,5300,800900,10.5,2.6,rich
0,5500,800900,4.7,3.0,rich
0,6500,800900,-9.9,-2.71,cheap
0,4000,801200,26.9,2.39,rich
0,4500,801200,-66.7,-2.27,cheap
0,5300,801200,10.9,2.67,rich
0,5500,801200,4.7,3.01,rich
0,6500,801200,-9.9,-2.7,cheap
0,4000,802000,26.9,2.39,rich
0,4500,802000,-66.6,-2.27,cheap
0,5300,802000,10.5,2.6,rich
0,5500,802000,4.7,3.0,rich
0,6500,802000,-9.9,-2.71,cheap
0,4000,802100,26.9,2.39,rich
0,4500,802100,-66.8,-2.27,cheap
0,5300,802100,10.6,2.62,rich
0,5500,802100,4.2,2.94,rich
0,6500,802100,-9.7,-2.69,cheap
0,4000,803400,26.8,2.38,rich
0,4500,803400,-66.3,-2.26,cheap
0,5200,803400,12.7,2.05,rich
0,5300,803400,10.7,2.65,rich
0,5500,803400,3.6,2.85,rich
0,6500,803400,-9.9,-2.71,cheap
0,4000,803900,26.9,2.39,rich
0,4500,803900,-66.8,-2.27,cheap
0,5300,803900,10.6,2.62,rich
0,5500,803900,4.2,2.94,rich
0,6500,803900,-9.7,-2.69,cheap
0,6000,804000,5.5,2.67,rich
0,5000,804300,-8.7,-2.03,cheap
0,6000,804300,5.6,2.69,rich
0,4000,804900,26.8,2.39,rich
0,4500,804900,-67.0,-2.27,cheap
0,5300,804900,10.2,2.56,rich
0,5500,804900,3.7,2.86,rich
0,6500,804900,-9.6,-2.68,cheap
0,6000,805300,5.6,2.67,rich
0,4000,806900,26.8,2.38,rich
0,4500,806900,-66.2,-2.26,cheap
0,5300,806900,11.4,2.76,rich
0,5500,806900,3.9,2.9,rich
0,6500,806900,-10.0,-2.71,cheap
0,5500,807100,-2.2,2.04,cheap
0,6000,807100,6.8,2.92,rich
0,5500,807500,-2.0,2.07,cheap
0,6000,807500,6.0,2.76,rich
0,5500,809300,-1.7,2.12,cheap
0,6000,809300,5.9,2.74,rich
0,4000,810200,26.9,2.39,rich
0,4500,810200,-66.8,-2.27,cheap
0,5300,810200,10.9,2.67,rich
0,5500,810200,4.8,3.01,rich
0,6500,810200,-9.9,-2.7,cheap
0,5500,810400,-0.8,2.24,cheap
0,6000,810400,5.4,2.65,rich
0,4000,811500,26.9,2.39,rich
0,4500,811500,-66.8,-2.27,cheap
0,5300,811500,10.9,2.67,rich
0,5500,811500,4.8,3.01,rich
0,6500,811500,-9.9,-2.7,cheap
0,5500,812200,0.9,2.48,rich
0,6000,812200,5.4,2.65,rich
0,4000,812900,26.9,2.39,rich
0,4500,812900,-66.6,-2.26,cheap
0,5300,812900,10.8,2.66,rich
0,5500,812900,5.2,3.07,rich
0,6500,812900,-10.0,-2.72,cheap
0,5000,813600,-15.1,-2.77,cheap
0,5500,813600,4.0,2.91,rich
0,6000,813600,10.2,3.58,rich
0,4000,815000,26.8,2.39,rich
0,4500,815000,-66.6,-2.27,cheap
0,5300,815000,10.7,2.64,rich
0,5500,815000,4.9,3.03,rich
0,6500,815000,-9.9,-2.7,cheap
0,4000,816800,27.0,2.4,rich
0,4500,816800,-67.5,-2.29,cheap
0,5200,816800,12.6,2.02,rich
0,5300,816800,10.3,2.57,rich
0,5500,816800,4.7,3.01,rich
0,6500,816800,-9.6,-2.67,cheap
0,5000,816900,-9.0,-2.07,cheap
0,5500,816900,-1.5,2.14,cheap
0,6000,816900,5.3,2.63,rich
0,4000,817600,26.9,2.39,rich
0,4500,817600,-67.2,-2.28,cheap
0,5300,817600,11.0,2.69,rich
0,5500,817600,3.6,2.85,rich
0,6500,817600,-9.6,-2.68,cheap
0,4000,818300,27.0,2.4,rich
0,4500,818300,-67.2,-2.28,cheap
0,5300,818300,10.7,2.63,rich
0,5500,818300,3.8,2.87,rich
0,6500,818300,-9.7,-2.69,cheap
0,5500,819500,-0.2,2.33,cheap
0,6000,819500,6.1,2.78,rich
0,5500,819600,-1.6,2.13,cheap
0,6000,819600,6.2,2.8,rich
0,4000,821800,27.0,2.39,rich
0,4500,821800,-67.2,-2.28,cheap
0,5300,821800,11.0,2.69,rich
0,5500,821800,3.6,2.85,rich
0,6500,821800,-9.7,-2.68,cheap
0,4000,822300,27.0,2.39,rich
0,4500,822300,-67.5,-2.29,cheap
0,5300,822300,11.1,2.7,rich
0,5500,822300,3.1,2.79,rich
0,6500,822300,-9.5,-2.66,cheap
0,5000,822700,-8.8,-2.04,cheap
0,6000,822700,5.6,2.67,rich
0,4000,823700,27.0,2.39,rich
0,4500,823700,-67.3,-2.28,cheap
0,5300,823700,11.0,2.69,rich
0,5500,823700,3.6,2.85,rich
0,6500,823700,-9.7,-2.68,cheap
0,5500,824500,-0.4,2.29,cheap
0,6000,824500,5.8,2.71,rich
0,6000,825100,6.2,2.8,rich
0,4000,825600,27.0,2.4,rich
0,4500,825600,-66.8,-2.27,cheap
0,5300,825600,11.0,2.69,rich
0,5500,825600,4.8,3.02,rich
0,6500,825600,-10.0,-2.72,cheap
0,4000,827100,27.0,2.39,rich
0,4500,827100,-67.3,-2.28,cheap
0,5300,827100,11.0,2.69,rich
0,5500,827100,3.6,2.85,rich
0,6500,827100,-9.7,-2.68,cheap
0,5000,827400,-14.7,-2.72,cheap
0,5500,827400,1.8,2.6,rich
0,6000,827400,10.1,3.56,rich
0,4000,828900,27.2,2.41,rich
0,4500,828900,-67.6,-2.29,cheap
0,5300,828900,11.3,2.74,rich
0,5500,828900,4.1,2.91,rich
0,6500,828900,-9.7,-2.68,cheap
0,5500,829200,0.4,2.4,rich
0,6000,829200,5.2,2.61,rich
0,5500,830600,-2.2,2.04,cheap
0,6000,830600,4.7,2.51,rich
0,5500,832500,-2.0,2.07,cheap
0,6000,832500,5.7,2.71,rich
0,4000,833100,27.2,2.4,rich
0,4500,833100,-67.5,-2.29,cheap
0,5300,833100,11.7,2.81,rich
0,5400,833100,-2.0,2.11,cheap
0,5500,833100,2.7,2.72,rich
0,6500,833100,-9.7,-2.68,cheap
0,5500,833500,-0.5,2.28,cheap
0,6000,833500,4.5,2.46,rich
0,5000,834000,-9.5,-2.12,cheap
0,6000,834000,5.6,2.68,rich
0,5500,834400,-0.6,2.27,cheap
0,6000,834400,5.2,2.59,rich
0,4000,835300,27.1,2.4,rich
0,4500,835300,-67.1,-2.28,cheap
0,5300,835300,11.1,2.7,rich
0,5400,835300,-2.4,2.06,cheap
0,5500,835300,3.4,2.82,rich
0,6500,835300,-9.8,-2.7,cheap
0,4000,836100,27.0,2.4,rich
0,4500,836100,-67.4,-2.28,cheap
0,5300,836100,11.0,2.7,rich
0,5500,836100,3.6,2.85,rich
0,6500,836100,-9.7,-2.68,cheap
0,4000,836300,27.0,2.39,rich
0,4500,836300,-67.5,-2.29,cheap
0,5300,836300,10.7,2.64,rich
0,5400,836300,-2.7,2.01,cheap
0,5500,836300,3.1,2.78,rich
0,6500,836300,-9.6,-2.67,cheap
0,4000,836600,27.0,2.4,rich
0,4500,836600,-67.6,-2.29,cheap
0,5300,836600,11.5,2.77,rich
0,5500,836600,3.0,2.76,rich
0,6500,836600,-9.6,-2.67,cheap
0,5000,836700,-8.7,-2.03,cheap
0,5500,836700,-0.1,2.34,cheap
0,6000,836700,4.7,2.5,rich
0,5000,837400,-15.6,-2.83,cheap
0,5500,837400,3.2,2.8,rich
0,6000,837400,9.3,3.4,rich
0,5500,837600,-2.2,2.05,cheap
0,6000,837600,5.2,2.61,rich
0,4000,837800,27.2,2.41,rich
0,4500,837800,-67.6,-2.29,cheap
0,5300,837800,11.8,2.81,rich
0,5400,837800,-2.0,2.11,cheap
0,5500,837800,2.7,2.72,rich
0,6500,837800,-9.7,-2.68,cheap
0,4000,838200,27.2,2.4,rich
0,4500,838200,-67.4,-2.28,cheap
0,5300,838200,11.9,2.84,rich
0,5400,838200,-1.8,2.14,cheap
0,5500,838200,2.8,2.75,rich
0,6500,838200,-9.8,-2.69,cheap
0,5500,838400,-2.5,2.0,cheap
0,6000,838400,5.3,2.62,rich
0,6000,838500,6.0,2.75,rich
0,4000,839200,27.2,2.41,rich
0,4500,839200,-67.5,-2.29,cheap
0,5300,839200,11.2,2.73,rich
0,5400,839200,-2.3,2.08,cheap
0,5500,839200,4.5,2.98,rich
0,6500,839200,-9.9,-2.7,cheap
0,5500,840500,-0.3,2.31,cheap
0,6000,840500,4.7,2.51,rich
0,5000,840600,-8.8,-2.04,cheap
0,5500,840600,0.8,2.46,rich
0,6000,840600,5.4,2.64,rich
0,5500,840700,-0.4,2.3,cheap
0,6000,840700,5.5,2.66,rich
0,5500,841100,-1.8,2.1,cheap
0,6000,841100,4.8,2.53,rich
0,5500,841400,-1.4,2.16,cheap
0,6000,841400,5.8,2.71,rich
0,4000,842200,27.2,2.41,rich
0,4500,842200,-67.6,-2.29,cheap
0,5300,842200,11.5,2.77,rich
0,5400,842200,-2.6,2.03,cheap
0,5500,842200,4.3,2.94,rich
0,6500,842200,-9.8,-2.69,cheap
0,4000,842500,27.0,2.4,rich
0,4500,842500,-67.4,-2.28,cheap
0,5300,842500,10.9,2.67,rich
0,5400,842500,-2.5,2.04,cheap
0,5500,842500,3.3,2.8,rich
0,6500,842500,-9.7,-2.68,cheap
0,4000,843200,27.0,2.4,rich
0,4500,843200,-67.2,-2.28,cheap
0,5300,843200,11.0,2.68,rich
0,5400,843200,-2.7,2.02,cheap
0,5500,843200,4.0,2.91,rich
0,6500,843200,-9.9,-2.7,cheap
0,4000,843300,27.0,2.4,rich
0,4500,843300,-67.2,-2.28,cheap
0,5300,843300,11.0,2.68,rich
0,5400,843300,-2.7,2.02,cheap
0,5500,843300,4.0,2.91,rich
0,6500,843300,-9.9,-2.7,cheap
0,4000,844000,27.2,2.4,rich
0,4500,844000,-67.3,-2.28,cheap
0,5300,844000,11.4,2.75,rich
0,5400,844000,-2.5,2.04,cheap
0,5500,844000,4.1,2.92,rich
0,6500,844000,-9.9,-2.71,cheap
0,4000,844200,27.0,2.4,rich
0,4500,844200,-67.3,-2.28,cheap
0,5300,844200,11.3,2.73,rich
0,5500,844200,3.8,2.87,rich
0,6500,844200,-9.8,-2.69,cheap
0,4000,845500,27.5,2.42,rich
0,4500,845500,-68.0,-2.3,cheap
0,5300,845500,11.1,2.71,rich
0,5400,845500,-2.4,2.05,cheap
0,5500,845500,5.3,3.09,rich
0,6500,845500,-9.8,-2.7,cheap
0,5500,846300,-1.8,2.1,cheap
0,6000,846300,4.7,2.5,rich
0,4000,847300,27.6,2.43,rich
0,4500,847300,-67.9,-2.29,cheap
0,5200,847300,12.6,2.03,rich
0,5300,847300,10.6,2.63,rich
0,5400,847300,-1.4,2.19,cheap
0,5500,847300,5.2,3.07,rich
0,6500,847300,-10.0,-2.71,cheap
0,5000,847600,-9.0,-2.06,cheap
0,5500,847600,-0.4,2.29,cheap
0,6000,847600,5.4,2.63,rich
0,5000,847800,-14.2,-2.67,cheap
0,5500,847800,3.0,2.76,rich
0,6000,847800,9.1,3.36,rich
0,4000,848900,27.2,2.4,rich
0,4500,848900,-67.7,-2.29,cheap
0,5300,848900,11.1,2.71,rich
0,5400,848900,-2.6,2.04,cheap
0,5500,848900,3.2,2.79,rich
0,6500,848900,-9.7,-2.68,cheap
0,4000,849200,27.2,2.41,rich
0,4500,849200,-67.5,-2.29,cheap
0,5300,849200,11.9,2.83,rich
0,5400,849200,-2.1,2.1,cheap
0,5500,849200,3.5,2.83,rich
0,6500,849200,-9.8,-2.7,cheap
0,5500,851800,-1.2,2.18,cheap
0,6000,851800,5.9,2.74,rich
0,5500,852800,-1.6,2.13,cheap
0,6000,852800,5.4,2.64,rich
0,4000,853900,27.2,2.41,rich
0,4500,853900,-67.3,-2.28,cheap
0,5300,853900,11.0,2.69,rich
0,5400,853900,-1.2,2.21,cheap
0,5500,853900,3.3,2.81,rich
0,6500,853900,-9.9,-2.71,cheap
0,6000,855500,5.2,2.6,rich
0,5500,855900,-2.4,2.02,cheap
0,6000,855900,5.7,2.7,rich
0,6000,856200,5.3,2.63,rich
0,4000,856300,27.3,2.41,rich
0,4500,856300,-67.6,-2.29,cheap
0,5300,856300,12.0,2.85,rich
0,5400,856300,-1.8,2.14,cheap
0,5500,856300,2.9,2.75,rich
0,6500,856300,-9.8,-2.7,cheap
0,4000,857100,27.3,2.41,rich
0,4500,857100,-67.6,-2.29,cheap
0,5300,857100,12.0,2.85,rich
0,5400,857100,-1.8,2.14,cheap
0,5500,857100,2.9,2.75,rich
0,6500,857100,-9.8,-2.7,cheap
0,4000,857900,27.2,2.41,rich
0,4500,857900,-67.4,-2.28,cheap
0,5300,857900,11.4,2.76,rich
0,5400,857900,-2.5,2.04,cheap
0,5500,857900,4.1,2.92,rich
0,6500,857900,-10.0,-2.71,cheap
0,4000,858200,27.3,2.41,rich
0,4500,858200,-67.5,-2.29,cheap
0,5300,858200,10.7,2.64,rich
0,5400,858200,-1.7,2.15,cheap
0,5500,858200,3.8,2.88,rich
0,6500,858200,-9.9,-2.71,cheap
0,4000,858400,27.3,2.41,rich
0,4500,858400,-67.5,-2.29,cheap
0,5300,858400,10.7,2.64,rich
0,5400,858400,-1.7,2.15,cheap
0,5500,858400,3.8,2.88,rich
0,6500,858400,-9.9,-2.71,cheap
0,4000,859400,27.2,2.4,rich
0,4500,859400,-67.6,-2.29,cheap
0,5300,859400,11.4,2.75,rich
0,5400,859400,-2.4,2.06,cheap
0,5500,859400,3.3,2.81,rich
0,6500,859400,-9.8,-2.69,cheap
0,5500,860200,-0.8,2.24,cheap
0,6000,860200,5.0,2.57,rich
0,5500,860700,-2.4,2.02,cheap
0,6000,860700,5.6,2.68,rich
0,4000,861700,27.2,2.4,rich
0,4500,861700,-67.5,-2.29,cheap
0,5300,861700,10.3,2.58,rich
0,5400,861700,-1.9,2.13,cheap
0,5500,861700,3.7,2.87,rich
0,6500,861700,-9.9,-2.7,cheap
0,4000,863100,26.8,2.38,rich
0,4500,863100,-66.4,-2.26,cheap
0,5200,863100,12.7,2.04,rich
0,5300,863100,10.2,2.57,rich
0,5400,863100,-2.1,2.1,cheap
0,5500,863100,2.4,2.68,rich
0,6500,863100,-10.0,-2.72,cheap
0,5500,863200,-2.5,2.0,cheap
0,6000,863200,6.7,2.9,rich
0,4000,865600,27.3,2.41,rich
0,4500,865600,-67.7,-2.29,cheap
0,5300,865600,10.4,2.59,rich
0,5400,865600,-1.1,2.22,cheap
0,5500,865600,3.3,2.81,rich
0,6500,865600,-9.8,-2.7,cheap
0,5500,866800,-1.2,2.19,cheap
0,6000,866800,5.4,2.65,rich
0,6000,871200,4.6,2.48,rich
0,5500,872000,-2.0,2.07,cheap
0,6000,872000,4.7,2.51,rich
0,5500,874800,-0.2,2.32,cheap
0,6000,874800,5.4,2.64,rich
0,5000,879200,-13.7,-2.61,cheap
0,5500,879200,3.4,2.83,rich
0,6000,879200,9.4,3.42,rich
0,4000,879700,27.3,2.41,rich
0,4500,879700,-67.5,-2.29,cheap
0,5200,879700,12.6,2.02,rich
0,5300,879700,10.8,2.65,rich
0,5400,879700,-2.1,2.1,cheap
0,5500,879700,3.6,2.85,rich
0,6500,879700,-10.0,-2.71,cheap
0,5500,881000,-1.9,2.09,cheap
0,6000,881000,5.5,2.66,rich
0,4000,882100,27.3,2.41,rich
0,4500,882100,-67.9,-2.29,cheap
0,5200,882100,13.2,2.12,rich
0,5300,882100,10.0,2.53,rich
0,5400,882100,-2.1,2.1,cheap
0,5500,882100,3.5,2.83,rich
0,6500,882100,-9.8,-2.69,cheap
0,5500,882600,-1.1,2.19,cheap
0,6000,882600,6.3,2.82,rich
0,4000,882800,27.2,2.41,rich
0,4500,882800,-67.5,-2.29,cheap
0,5300,882800,9.9,2.51,rich
0,5400,882800,-2.3,2.08,cheap
0,5500,882800,4.4,2.96,rich
0,6500,882800,-10.0,-2.72,cheap
0,4000,883300,27.1,2.4,rich
0,4500,883300,-67.0,-2.27,cheap
0,5300,883300,10.4,2.6,rich
0,5400,883300,-1.9,2.12,cheap
0,5500,883300,3.6,2.85,rich
0,6500,883300,-10.1,-2.73,cheap
0,5500,883800,-2.0,2.07,cheap
0,6000,883800,5.7,2.69,rich
0,4000,885500,27.3,2.41,rich
0,4500,885500,-67.7,-2.29,cheap
0,5200,885500,12.7,2.04,rich
0,5300,885500,10.9,2.68,rich
0,5400,885500,-2.8,2.01,cheap
0,5500,885500,4.0,2.9,rich
0,6500,885500,-9.9,-2.71,cheap
0,5000,886700,-9.6,-2.14,cheap
0,5500,886700,-2.1,2.05,cheap
0,6000,886700,5.7,2.7,rich
0,5000,887200,-10.2,-2.21,cheap
0,5500,887200,-1.4,2.15,cheap
0,6000,887200,5.8,2.72,rich
0,4000,887300,27.4,2.41,rich
0,4500,887300,-67.6,-2.29,cheap
0,5200,887300,12.9,2.07,rich
0,5300,887300,10.3,2.58,rich
0,5400,887300,-2.1,2.1,cheap
0,5500,887300,4.5,2.97,rich
0,6500,887300,-10.1,-2.72,cheap
0,5500,887800,-1.0,2.21,cheap
0,6000,887800,6.6,2.87,rich
0,4000,889500,27.4,2.41,rich
0,4500,889500,-68.0,-2.3,cheap
0,5200,889500,13.9,2.23,rich
0,5300,889500,10.2,2.56,rich
0,5400,889500,-1.8,2.14,cheap
0,5500,889500,2.9,2.75,rich
0,6500,889500,-9.8,-2.69,cheap
0,5000,891300,-12.7,-2.5,cheap
0,5500,891300,0.8,2.46,rich
0,6000,891300,9.5,3.44,rich
0,4000,892600,27.5,2.42,rich
0,4500,892600,-68.4,-2.31,cheap
0,5200,892600,13.9,2.23,rich
0,5300,892600,9.6,2.47,rich
0,5400,892600,-2.1,2.09,cheap
0,5500,892600,3.7,2.86,rich
0,6500,892600,-9.7,-2.68,cheap
0,6000,893400,5.4,2.64,rich
0,6000,893800,5.6,2.69,rich
0,5000,895100,-8.7,-2.03,cheap
0,6000,895100,5.6,2.68,rich
0,4000,895400,27.3,2.41,rich
0,4500,895400,-67.8,-2.29,cheap
0,5200,895400,13.2,2.13,rich
0,5300,895400,10.0,2.52,rich
0,5400,895400,-1.8,2.14,cheap
0,5500,895400,3.0,2.77,rich
0,6500,895400,-9.8,-2.7,cheap
0,5000,896000,-15.6,-2.83,cheap
0,5100,896000,-7.2,-2.02,cheap
0,5500,896000,3.3,2.81,rich
0,6000,896000,9.3,3.41,rich
0,5500,898300,-0.8,2.24,cheap
0,6000,898300,4.8,2.52,rich
0,4000,901000,27.3,2.41,rich
0,4500,901000,-68.1,-2.3,cheap
0,5200,901000,13.1,2.11,rich
0,5300,901000,9.9,2.51,rich
0,5400,901000,-2.7,2.02,cheap
0,5500,901000,3.2,2.79,rich
0,6500,901000,-9.7,-2.68,cheap
0,4000,902200,27.4,2.41,rich
0,4500,902200,-67.7,-2.29,cheap
0,5200,902200,13.9,2.22,rich
0,5300,902200,9.8,2.5,rich
0,5400,902200,-2.3,2.07,cheap
0,5500,902200,4.3,2.95,rich
0,6500,902200,-10.0,-2.72,cheap
0,5500,903000,-0.9,2.23,cheap
0,6000,903000,6.6,2.88,rich
0,4000,903700,27.0,2.39,rich
0,4500,903700,-66.7,-2.27,cheap
0,5200,903700,13.0,2.08,rich
0,5300,903700,10.5,2.61,rich
0,5400,903700,-1.9,2.13,cheap
0,5500,903700,2.5,2.7,rich
0,6500,903700,-10.2,-2.74,cheap
0,4000,904900,26.8,2.38,rich
0,4500,904900,-66.5,-2.26,cheap
0,5200,904900,12.7,2.04,rich
0,5300,904900,9.0,2.37,rich
0,5500,904900,4.3,2.95,rich
0,6500,904900,-10.3,-2.74,cheap
0,4000,908700,27.0,2.4,rich
0,4500,908700,-67.0,-2.27,cheap
0,5200,908700,13.6,2.18,rich
0,5300,908700,10.2,2.55,rich
0,5400,908700,-2.2,2.09,cheap
0,5500,908700,2.3,2.66,rich
0,6500,908700,-10.1,-2.72,cheap
0,4000,910500,27.3,2.41,rich
0,4500,910500,-67.6,-2.29,cheap
0,5200,910500,13.3,2.13,rich
0,5300,910500,9.7,2.49,rich
0,5500,910500,4.8,3.01,rich
0,6500,910500,-10.1,-2.72,cheap
0,5000,910900,-14.8,-2.74,cheap
0,5500,910900,2.8,2.74,rich
0,6000,910900,10.6,3.66,rich
0,5000,911200,-14.5,-2.71,cheap
0,5500,911200,2.0,2.63,rich
0,6000,911200,10.2,3.58,rich
0,5000,911700,-13.9,-2.64,cheap
0,5500,911700,0.7,2.45,rich
0,6000,911700,10.0,3.54,rich
0,5500,914000,-1.6,2.12,cheap
0,6000,914000,4.8,2.53,rich
0,4000,916400,27.4,2.42,rich
0,4500,916400,-68.3,-2.3,cheap
0,5200,916400,13.7,2.2,rich
0,5300,916400,10.8,2.66,rich
0,5400,916400,-2.5,2.05,cheap
0,5500,916400,2.5,2.69,rich
0,6500,916400,-9.7,-2.68,cheap
0,4000,917100,27.5,2.42,rich
0,4500,917100,-68.2,-2.3,cheap
0,5200,917100,14.0,2.24,rich
0,5300,917100,10.2,2.56,rich
0,5400,917100,-1.8,2.14,cheap
0,5500,917100,2.9,2.75,rich
0,6500,917100,-9.8,-2.7,cheap
0,4000,917600,27.5,2.42,rich
0,4500,917600,-68.3,-2.3,cheap
0,5200,917600,13.3,2.13,rich
0,5300,917600,10.1,2.54,rich
0,5400,917600,-2.1,2.1,cheap
0,5500,917600,3.5,2.84,rich
0,6500,917600,-9.9,-2.7,cheap
0,5000,918600,-15.7,-2.84,cheap
0,5500,918600,2.0,2.63,rich
0,6000,918600,9.9,3.52,rich
0,4000,919000,27.3,2.41,rich
0,4500,919000,-68.2,-2.3,cheap
0,5300,919000,9.7,2.47,rich
0,5400,919000,-2.3,2.08,cheap
0,5500,919000,3.5,2.83,rich
0,6500,919000,-9.8,-2.69,cheap
0,4000,919100,27.3,2.41,rich
0,4500,919100,-68.2,-2.3,cheap
0,5300,919100,9.7,2.47,rich
0,5400,919100,-2.3,2.08,cheap
0,5500,919100,3.5,2.83,rich
0,6500,919100,-9.8,-2.69,cheap
0,5000,919400,-15.0,-2.76,cheap
0,5500,919400,2.0,2.63,rich
0,6000,919400,10.0,3.54,rich
0,5500,921300,-0.2,2.32,cheap
0,6000,921300,4.4,2.45,rich
0,5500,924000,-1.8,2.11,cheap
0,5000,924300,-14.4,-2.69,cheap
0,5100,924300,-7.1,-2.0,cheap
0,5500,924300,2.3,2.66,rich
0,6000,924300,8.4,3.24,rich
0,5500,924800,-0.7,2.26,cheap
0,6000,924800,4.4,2.44,rich
0,5000,925600,-9.0,-2.07,cheap
0,5500,925600,-1.2,2.19,cheap
0,6000,925600,4.7,2.5,rich
0,5500,925700,-2.3,2.03,cheap
0,6000,927300,3.8,2.33,rich
0,5000,927600,-15.2,-2.78,cheap
0,5100,927600,-7.3,-2.04,cheap
0,5500,927600,0.8,2.47,rich
0,6000,927600,8.4,3.22,rich
0,5500,929200,-2.3,2.03,cheap
0,5500,930000,-1.6,2.12,cheap
0,5500,932400,-2.0,2.07,cheap
0,6000,932400,5.2,2.6,rich
0,4000,933000,27.8,2.44,rich
0,4500,933000,-68.7,-2.31,cheap
0,5200,933000,13.8,2.21,rich
0,5300,933000,10.7,2.65,rich
0,5400,933000,-0.6,2.3,cheap
0,5500,933000,3.1,2.78,rich
0,6500,933000,-9.9,-2.71,cheap
0,5500,933500,-1.9,2.09,cheap
0,6000,933500,4.5,2.46,rich
0,5000,935300,-15.9,-2.87,cheap
0,5500,935300,2.3,2.66,rich
0,6000,935300,9.6,3.46,rich
0,6000,936700,4.9,2.55,rich
0,5000,936800,-15.5,-2.82,cheap
0,5500,936800,2.8,2.74,rich
0,6000,936800,9.2,3.39,rich
0,5500,937200,-0.2,2.33,cheap
0,6000,937200,4.3,2.43,rich
0,5000,940000,-15.8,-2.86,cheap
0,5500,940000,2.5,2.7,rich
0,6000,940000,10.0,3.54,rich
0,5500,941300,-2.2,2.04,cheap
0,6000,941300,5.4,2.63,rich
0,4000,941400,27.4,2.42,rich
0,4500,941400,-68.0,-2.3,cheap
0,5200,941400,13.3,2.13,rich
0,5300,941400,10.7,2.64,rich
0,5400,941400,-1.8,2.14,cheap
0,5500,941400,2.7,2.72,rich
0,6500,941400,-10.0,-2.72,cheap
0,6000,941800,6.1,2.78,rich
0,4000,942200,27.4,2.42,rich
0,4500,942200,-68.0,-2.3,cheap
0,5200,942200,13.3,2.13,rich
0,5300,942200,10.7,2.64,rich
0,5400,942200,-1.8,2.14,cheap
0,5500,942200,2.7,2.72,rich
0,6500,942200,-10.0,-2.72,cheap
0,4000,942900,27.3,2.41,rich
0,4500,942900,-67.6,-2.29,cheap
0,5200,942900,14.0,2.25,rich
0,5300,942900,10.5,2.61,rich
0,5400,942900,-0.6,2.3,cheap
0,5500,942900,1.5,2.55,rich
0,6500,942900,-10.1,-2.73,cheap
0,4000,943100,27.2,2.41,rich
0,4500,943100,-67.7,-2.29,cheap
0,5200,943100,13.0,2.09,rich
0,5300,943100,10.9,2.67,rich
0,5400,943100,-0.9,2.26,cheap
0,5500,943100,1.3,2.53,rich
0,6500,943100,-10.0,-2.72,cheap
0,4000,943500,27.4,2.42,rich
0,4500,943500,-67.9,-2.29,cheap
0,5200,943500,13.5,2.17,rich
0,5300,943500,10.9,2.67,rich
0,5400,943500,-1.6,2.17,cheap
0,5500,943500,2.9,2.75,rich
0,6500,943500,-10.1,-2.73,cheap
0,4000,945800,27.2,2.4,rich
0,4500,945800,-67.3,-2.28,cheap
0,5200,945800,14.6,2.35,rich
0,5300,945800,10.3,2.57,rich
0,5400,945800,-2.1,2.1,cheap
0,5500,945800,2.3,2.67,rich
0,6500,945800,-10.2,-2.73,cheap
0,4000,947100,27.2,2.41,rich
0,4500,947100,-67.1,-2.28,cheap
0,5200,947100,13.1,2.1,rich
0,5300,947100,10.7,2.64,rich
0,5400,947100,-1.3,2.21,cheap
0,5500,947100,2.9,2.75,rich
0,6500,947100,-10.4,-2.76,cheap
0,5000,947500,-9.3,-2.1,cheap
0,5500,947500,-2.1,2.05,cheap
0,6000,947500,7.0,2.96,rich
0,5500,948000,-2.0,2.07,cheap
0,6000,948000,6.0,2.75,rich
0,5500,949200,-1.8,2.1,cheap
0,6000,949200,5.9,2.74,rich
0,4000,950300,27.3,2.41,rich
0,4500,950300,-67.1,-2.28,cheap
0,5200,950300,14.1,2.26,rich
0,5300,950300,10.3,2.57,rich
0,5400,950300,-1.0,2.25,cheap
0,5500,950300,3.1,2.78,rich
0,6500,950300,-10.5,-2.77,cheap
0,5500,950900,-1.6,2.13,cheap
0,6000,950900,5.9,2.73,rich
0,6000,956900,5.1,2.58,rich
0,6000,957000,5.1,2.58,rich
0,5500,959200,-2.4,2.01,cheap
0,6000,959200,7.0,2.95,rich
0,6000,959400,7.4,3.04,rich
0,6000,959600,4.7,2.5,rich
0,6000,960000,7.3,3.0,rich
0,6000,960800,4.4,2.45,rich
0,6000,961100,4.7,2.5,rich
0,5000,962500,-13.5,-2.59,cheap
0,5500,962500,-0.8,2.24,cheap
0,6000,962500,11.7,3.88,rich
0,5000,963700,-14.2,-2.67,cheap
0,5500,963700,3.0,2.76,rich
0,6000,963700,11.0,3.73,rich
0,5500,964000,-1.2,2.18,cheap
0,6000,964000,6.0,2.76,rich
0,6000,965600,6.8,2.92,rich
0,5000,965700,-13.4,-2.58,cheap
0,5500,965700,2.2,2.66,rich
0,6000,965700,11.0,3.73,rich
0,5000,967400,-14.0,-2.65,cheap
0,5100,967400,-7.1,-2.0,cheap
0,5500,967400,-0.1,2.34,cheap
0,6000,967400,11.9,3.9,rich
0,6000,967500,8.2,3.19,rich
0,6000,968800,7.2,2.99,rich
0,6000,969500,4.8,2.53,rich
0,6000,969900,4.8,2.52,rich
0,6000,971000,5.2,2.6,rich
0,6000,974800,4.7,2.5,rich
0,6000,975400,7.0,2.96,rich
0,6000,975600,4.6,2.48,rich
0,6000,978100,6.8,2.92,rich
0,4000,979800,27.3,2.41,rich
0,4500,979800,-67.6,-2.29,cheap
0,5200,979800,13.0,2.09,rich
0,5300,979800,9.8,2.5,rich
0,5400,979800,-1.6,2.16,cheap
0,5500,979800,3.5,2.84,rich
0,6500,979800,-10.4,-2.75,cheap
0,4000,980600,27.3,2.41,rich
0,4500,980600,-68.2,-2.3,cheap
0,5200,980600,13.2,2.12,rich
0,5300,980600,9.9,2.5,rich
0,5400,980600,-2.1,2.1,cheap
0,5500,980600,2.2,2.66,rich
0,6500,980600,-10.0,-2.71,cheap
0,4000,981200,27.3,2.41,rich
0,4500,981200,-68.2,-2.3,cheap
0,5200,981200,14.1,2.27,rich
0,5300,981200,8.9,2.35,rich
0,5400,981200,-2.1,2.1,cheap
0,5500,981200,2.2,2.66,rich
0,6500,981200,-9.9,-2.71,cheap
0,5500,981400,-2.3,2.04,cheap
0,6000,981400,5.9,2.73,rich
0,5500,985500,-1.1,2.2,cheap
0,6000,985500,6.0,2.76,rich
0,5500,987600,-1.1,2.2,cheap
0,6000,987600,5.6,2.67,rich
0,5000,988500,-13.1,-2.54,cheap
0,5100,988500,-7.7,-2.09,cheap
0,5500,988500,-0.2,2.32,cheap
0,6000,988500,10.3,3.59,rich
0,4000,988800,27.5,2.42,rich
0,4500,988800,-67.7,-2.29,cheap
0,5200,988800,14.7,2.36,rich
0,5300,988800,10.3,2.58,rich
0,5400,988800,-0.8,2.27,cheap
0,5500,988800,2.3,2.67,rich
0,6500,988800,-10.4,-2.75,cheap
0,4000,990700,27.4,2.41,rich
0,4500,990700,-68.2,-2.3,cheap
0,5200,990700,13.4,2.15,rich
0,5300,990700,9.6,2.47,rich
0,5400,990700,-1.6,2.16,cheap
0,5500,990700,2.5,2.7,rich
0,6500,990700,-10.1,-2.73,cheap
0,5500,991100,-2.2,2.04,cheap
0,6000,991100,6.8,2.92,rich
0,4000,994500,27.5,2.42,rich
0,4500,994500,-67.8,-2.29,cheap
0,5200,994500,14.7,2.36,rich
0,5300,994500,10.3,2.58,rich
0,5400,994500,-0.8,2.28,cheap
0,5500,994500,2.3,2.67,rich
0,6500,994500,-10.4,-2.76,cheap
0,4000,996600,27.4,2.42,rich
0,4500,996600,-68.2,-2.3,cheap
0,5200,996600,14.5,2.32,rich
0,5300,996600,10.3,2.57,rich
0,5400,996600,-2.6,2.03,cheap
0,5500,996600,2.8,2.74,rich
0,6500,996600,-10.1,-2.73,cheap
0,4000,997100,27.4,2.41,rich
0,4500,997100,-68.1,-2.3,cheap
0,5200,997100,13.6,2.19,rich
0,5300,997100,9.8,2.5,rich
0,5400,997100,-1.4,2.19,cheap
0,5500,997100,2.7,2.73,rich
0,6500,997100,-10.2,-2.74,cheap
0,4000,997200,27.4,2.41,rich
0,4500,997200,-68.3,-2.3,cheap
0,5200,997200,14.2,2.28,rich
0,5300,997200,9.9,2.51,rich
0,5400,997200,-2.0,2.11,cheap
0,5500,997200,2.2,2.66,rich
0,6500,997200,-10.0,-2.72,cheap
0,6000,999600,6.4,2.84,rich
